/*
Navicat MySQL Data Transfer

Source Server         : 127.0.0.1
Source Server Version : 50516
Source Host           : 127.0.0.1:3306
Source Database       : ensemble-om-tj

Target Server Type    : MYSQL
Target Server Version : 50516
File Encoding         : 65001

Date: 2019-05-13 09:54:33
*/

SET FOREIGN_KEY_CHECKS=0;

-- ----------------------------
-- Table structure for om_env_org
-- ----------------------------
DROP TABLE IF EXISTS `om_env_org`;
CREATE TABLE `om_env_org` (
  `env_id` varchar(20) NOT NULL COMMENT '环境ID',
  `env_desc` varchar(200) NOT NULL COMMENT '环境描述',
  `system_id` varchar(20) NOT NULL COMMENT '系统ID',
  `module` varchar(20) NOT NULL COMMENT '模块',
  `url` varchar(200) NOT NULL COMMENT 'HTTP接入URL',
  `service_code` varchar(50) NOT NULL COMMENT '服务代码',
  `message_code` varchar(50) NOT NULL COMMENT '报文代码',
  `message_type` varchar(50) NOT NULL COMMENT '报文类型',
  `operator` varchar(50) DEFAULT NULL COMMENT '最新修改人ID',
  `time` datetime DEFAULT NULL COMMENT '最新修改时间',
  PRIMARY KEY (`env_id`)
) ENGINE=InnoDB DEFAULT CHARSET=utf8 COMMENT='环境信息定义表';

-- ----------------------------
-- Records of om_env_org
-- ----------------------------
INSERT INTO `om_env_org` VALUES ('1', '公共核心', 'ensemble-pf', 'PF', 'http://127.0.0.1:18081/pf/parameter/release', 'MBSDCORE', '1200', '9101', null, '2019-05-13 00:00:00');
INSERT INTO `om_env_org` VALUES ('2', '存款核心', 'ensemble-rb', 'RB', 'http://127.0.0.1:18081/pf/parameter/release', 'MBSDCORE', '1200', '9101', null, '2019-05-21 00:00:00');

-- ----------------------------
-- Table structure for om_menu
-- ----------------------------
DROP TABLE IF EXISTS `om_menu`;
CREATE TABLE `om_menu` (
  `menu_seq_no` int(10) NOT NULL COMMENT '菜单编号',
  `menu_id` varchar(30) NOT NULL COMMENT '菜单id',
  `menu_params` varchar(100) NOT NULL COMMENT '菜单名称',
  `menu_parent_id` varchar(30) DEFAULT NULL COMMENT '父级菜单',
  `menu_level` int(1) DEFAULT NULL COMMENT '菜单等级 ',
  `menu_status` varchar(1) DEFAULT NULL COMMENT '菜单状态',
  `menu_icon` varchar(50) DEFAULT NULL COMMENT '菜单图标id',
  `menu_component` varchar(100) DEFAULT NULL COMMENT '菜单url',
  `menu_title` varchar(100) DEFAULT NULL,
  PRIMARY KEY (`menu_seq_no`)
) ENGINE=InnoDB DEFAULT CHARSET=utf8 COMMENT='菜单信息定义表';

-- ----------------------------
-- Records of om_menu
-- ----------------------------
INSERT INTO `om_menu` VALUES ('1', '1', '', null, '1', 'A', '', null, 'Apps');
INSERT INTO `om_menu` VALUES ('2', '10', '', '1', '2', 'A', 'home', 'Dashboard', '首页');
INSERT INTO `om_menu` VALUES ('3', '11', '', '1', '2', 'A', 'widgets', 'userIndexFlow', '我的工作台');
INSERT INTO `om_menu` VALUES ('4', '12', '', '1', '2', 'A', 'widgets', 'prodWindow', '产品展示');
INSERT INTO `om_menu` VALUES ('5', '13', '', '1', '2', 'A', 'widgets', 'prodCmbs', '产品目录');
INSERT INTO `om_menu` VALUES ('6', '14', '', '1', '2', 'A', 'favorite_border', 'collectProduct', '我收藏的产品');
INSERT INTO `om_menu` VALUES ('7', '3', '', '', '1', 'A', '', null, '产品工厂');
INSERT INTO `om_menu` VALUES ('8', '30', '', '3', '2', 'A', 'account_balance', null, '存款产品');
INSERT INTO `om_menu` VALUES ('25', '31', ' ', '3', '2', 'A', 'account_balance', '', '内部账产品');
INSERT INTO `om_menu` VALUES ('36', '4', '', '', '1', 'A', 'account_balance', null, '参数工厂');
INSERT INTO `om_menu` VALUES ('37', '40', '', '4', '2', 'A', 'view_list', null, '参数管理');
INSERT INTO `om_menu` VALUES ('38', '401', 'RB', '40', '3', 'A', null, 'paramManageRb', '存款系统参数');
INSERT INTO `om_menu` VALUES ('39', '402', 'PF', '40', '3', 'A', null, 'paramManagePf', '产品利率参数');
INSERT INTO `om_menu` VALUES ('40', '403', 'AC', '40', '3', 'A', null, 'paramManageAc', '核算系统参数');
INSERT INTO `om_menu` VALUES ('41', '41', '', '4', '2', 'A', 'view_list', null, '交易管理');
INSERT INTO `om_menu` VALUES ('42', '411', '', '41', '3', 'A', '', 'systemManage', '交易系统管理');
INSERT INTO `om_menu` VALUES ('44', '413', '', '41', '3', 'A', null, 'tableListManage', '交易属性管理');
INSERT INTO `om_menu` VALUES ('45', '414', '', '41', '3', 'A', null, 'tableColumnManage', '元数据管理');
INSERT INTO `om_menu` VALUES ('46', '42', '', '4', '2', 'A', 'view_list', null, '部件管理');
INSERT INTO `om_menu` VALUES ('47', '421', ' ', '42', '3', 'A', null, 'partClassManage', '部件分类管理');
INSERT INTO `om_menu` VALUES ('48', '422', ' ', '42', '3', 'A', null, 'MbPartType', '部件类型管理');
INSERT INTO `om_menu` VALUES ('49', '5', '', '', '1', 'A', '', null, '系统管理');
INSERT INTO `om_menu` VALUES ('50', '50', '', '5', '2', 'A', 'settings', 'environmentManageIndex', '环境管理');
INSERT INTO `om_menu` VALUES ('51', '51', '', '5', '2', 'A', 'settings', 'menuTables', '菜单管理');
INSERT INTO `om_menu` VALUES ('52', '52', '', '5', '2', 'A', 'settings', 'roleTables', '角色管理');
INSERT INTO `om_menu` VALUES ('53', '53', '', '5', '2', 'A', 'settings', 'userTables', '用户管理');
INSERT INTO `om_menu` VALUES ('54', '54', '', '5', '2', 'A', 'settings', 'roleMenuRelationTables', '角色菜单授权');
INSERT INTO `om_menu` VALUES ('55', '55', '', '5', '2', 'A', 'settings', 'userRoleRelationTables', '用户角色授权');
INSERT INTO `om_menu` VALUES ('56', '56', '', '5', '2', 'A', 'settings', 'prodPermTables', '产品工厂权限管理');
INSERT INTO `om_menu` VALUES ('57', '57', '', '5', '2', 'A', 'settings', 'paramPermTables', '参数工厂权限管理');
INSERT INTO `om_menu` VALUES ('58', '301', 'RB101', '30', '3', 'A', null, 'BaseProdForm', '个人人民币活期基础产品');
INSERT INTO `om_menu` VALUES ('59', '302', 'RB102', '30', '3', 'A', null, 'BaseProdForm', '个人外币活期单币种基础产品');
INSERT INTO `om_menu` VALUES ('60', '303', 'RB103', '30', '3', 'A', null, 'BaseProdForm', '个人外币活期多币种基础产品');
INSERT INTO `om_menu` VALUES ('61', '304', 'RB104', '30', '3', 'A', null, 'BaseProdForm', '单位人民币活期基础产品');
INSERT INTO `om_menu` VALUES ('62', '305', 'RB105', '30', '3', 'A', null, 'BaseProdForm', '单位外币活期单币种基础产品');
INSERT INTO `om_menu` VALUES ('63', '306', 'RB106', '30', '3', 'A', null, 'BaseProdForm', '暂记户活期单币种基础产品');
INSERT INTO `om_menu` VALUES ('64', '307', 'RB201', '30', '3', 'A', null, 'BaseProdForm', '个人整存整取定期基础产品');
INSERT INTO `om_menu` VALUES ('65', '308', 'RB202', '30', '3', 'A', null, 'BaseProdForm', '单位整存整取定期基础产品');
INSERT INTO `om_menu` VALUES ('66', '309', 'RB203', '30', '3', 'A', null, 'BaseProdForm', '个人零存整取基础产品');
INSERT INTO `om_menu` VALUES ('67', '3010', 'RB204', '30', '3', 'A', null, 'BaseProdForm', '个人通知存款基础产品');
INSERT INTO `om_menu` VALUES ('68', '3020', 'RB205', '30', '3', 'A', null, 'BaseProdForm', '单位通知存款基础产品');
INSERT INTO `om_menu` VALUES ('69', '3030', 'RB206', '30', '3', 'A', null, 'BaseProdForm', '个人定活两便基础产品');
INSERT INTO `om_menu` VALUES ('70', '3040', 'RB207', '30', '3', 'A', null, 'BaseProdForm', '定期一本通基础产品');
INSERT INTO `om_menu` VALUES ('71', '3050', 'RB208', '30', '3', 'A', null, 'BaseProdForm', '个人教育储蓄基础产品');
INSERT INTO `om_menu` VALUES ('72', '3060', 'RB209', '30', '3', 'A', null, 'BaseProdForm', '个人存本取息基础产品');
INSERT INTO `om_menu` VALUES ('73', '3070', 'RB210', '30', '3', 'A', null, 'BaseProdForm', '单位存本取息基础产品');
INSERT INTO `om_menu` VALUES ('74', '3080', 'RB301', '30', '3', 'A', null, 'BaseProdForm', '个人大额存单基础产品');
INSERT INTO `om_menu` VALUES ('75', '3090', 'RB302', '30', '3', 'A', null, 'BaseProdForm', '单位大额存单基础产品');
INSERT INTO `om_menu` VALUES ('76', '3011', 'RB401', '30', '3', 'A', null, 'BaseProdForm', '个人智能存款基础产品');
INSERT INTO `om_menu` VALUES ('77', '3021', 'RB402', '30', '3', 'A', null, 'BaseProdForm', '单位智能存款基础产品');
INSERT INTO `om_menu` VALUES ('78', '3031', 'RB501', '30', '3', 'A', null, 'BaseProdForm', '结构性存款基础产品');
INSERT INTO `om_menu` VALUES ('80', '3051', 'RB701', '30', '3', 'A', null, 'BaseProdForm', '借记卡基础产品');
INSERT INTO `om_menu` VALUES ('81', '311', 'GL001', '31', '3', 'A', null, 'BaseProdFormGl', '往账活期基础产品');
INSERT INTO `om_menu` VALUES ('82', '312', 'GL002', '31', '3', 'A', null, 'BaseProdFormGl', '往账定期基础产品');
INSERT INTO `om_menu` VALUES ('83', '313', 'GL003', '31', '3', 'A', null, 'BaseProdFormGl', '来账活期基础产品');
INSERT INTO `om_menu` VALUES ('84', '314', 'GL004', '31', '3', 'A', null, 'BaseProdFormGl', '来账定期基础产品');
INSERT INTO `om_menu` VALUES ('85', '315', 'GL005', '31', '3', 'A', null, 'BaseProdFormGl', '内部账基础产品（借方）');
INSERT INTO `om_menu` VALUES ('86', '316', 'GL006', '31', '3', 'A', null, 'BaseProdFormGl', '内部账基础产品（贷方）');
INSERT INTO `om_menu` VALUES ('87', '316', 'GL101', '31', '3', 'A', null, 'BaseProdFormGl', '内部账活期基础产品');
INSERT INTO `om_menu` VALUES ('88', '317', 'GL201', '31', '3', 'A', null, 'BaseProdFormGl', '内部账定期基础产品');
INSERT INTO `om_menu` VALUES ('89', '404', 'CIF', '40', '3', 'A', null, 'paramManageCif', '客户系统参数');
INSERT INTO `om_menu` VALUES ('90', '405', 'BO', '40', '3', 'A', null, 'paramManageBo', '运营系统参数');
INSERT INTO `om_menu` VALUES ('91', '406', 'CM', '40', '3', 'A', null, 'paramManageCm', '公共参数');
INSERT INTO `om_menu` VALUES ('92', '423', ' ', '42', '3', 'A', null, null, '部件属性管理');
INSERT INTO `om_menu` VALUES ('93', '43', ' ', '4', '2', 'A', 'view_list', null, '辅助管理');
INSERT INTO `om_menu` VALUES ('94', '430', ' ', '43', '3', 'A', null, 'paramSynch', '参数同步管理');

-- ----------------------------
-- Table structure for om_menu_role
-- ----------------------------
DROP TABLE IF EXISTS `om_menu_role`;
CREATE TABLE `om_menu_role` (
  `role_id` varchar(30) NOT NULL COMMENT '角色id',
  `menu_id` varchar(30) NOT NULL COMMENT '菜单id',
  `menu_parent_id` varchar(30) DEFAULT NULL,
  PRIMARY KEY (`role_id`,`menu_id`)
) ENGINE=InnoDB DEFAULT CHARSET=utf8 COMMENT='角色菜单关系表';

-- ----------------------------
-- Records of om_menu_role
-- ----------------------------
INSERT INTO `om_menu_role` VALUES ('1', '1', '');
INSERT INTO `om_menu_role` VALUES ('1', '10', '1');
INSERT INTO `om_menu_role` VALUES ('1', '11', '1');
INSERT INTO `om_menu_role` VALUES ('1', '12', '1');
INSERT INTO `om_menu_role` VALUES ('1', '13', '1');
INSERT INTO `om_menu_role` VALUES ('1', '14', '1');
INSERT INTO `om_menu_role` VALUES ('1', '3', '');
INSERT INTO `om_menu_role` VALUES ('1', '30', '3');
INSERT INTO `om_menu_role` VALUES ('1', '301', '30');
INSERT INTO `om_menu_role` VALUES ('1', '3010', '30');
INSERT INTO `om_menu_role` VALUES ('1', '3011', '30');
INSERT INTO `om_menu_role` VALUES ('1', '302', '30');
INSERT INTO `om_menu_role` VALUES ('1', '3020', '30');
INSERT INTO `om_menu_role` VALUES ('1', '3021', '30');
INSERT INTO `om_menu_role` VALUES ('1', '303', '30');
INSERT INTO `om_menu_role` VALUES ('1', '3030', '30');
INSERT INTO `om_menu_role` VALUES ('1', '3031', '30');
INSERT INTO `om_menu_role` VALUES ('1', '304', '30');
INSERT INTO `om_menu_role` VALUES ('1', '3040', '30');
INSERT INTO `om_menu_role` VALUES ('1', '3041', '30');
INSERT INTO `om_menu_role` VALUES ('1', '305', '30');
INSERT INTO `om_menu_role` VALUES ('1', '3050', '30');
INSERT INTO `om_menu_role` VALUES ('1', '3051', '30');
INSERT INTO `om_menu_role` VALUES ('1', '306', '30');
INSERT INTO `om_menu_role` VALUES ('1', '3060', '30');
INSERT INTO `om_menu_role` VALUES ('1', '307', '30');
INSERT INTO `om_menu_role` VALUES ('1', '3070', '30');
INSERT INTO `om_menu_role` VALUES ('1', '308', '30');
INSERT INTO `om_menu_role` VALUES ('1', '3080', '30');
INSERT INTO `om_menu_role` VALUES ('1', '309', '30');
INSERT INTO `om_menu_role` VALUES ('1', '3090', '30');
INSERT INTO `om_menu_role` VALUES ('1', '31', '3');
INSERT INTO `om_menu_role` VALUES ('1', '311', '31');
INSERT INTO `om_menu_role` VALUES ('1', '312', '31');
INSERT INTO `om_menu_role` VALUES ('1', '313', '31');
INSERT INTO `om_menu_role` VALUES ('1', '314', '31');
INSERT INTO `om_menu_role` VALUES ('1', '4', '');
INSERT INTO `om_menu_role` VALUES ('1', '40', '4');
INSERT INTO `om_menu_role` VALUES ('1', '401', '40');
INSERT INTO `om_menu_role` VALUES ('1', '402', '40');
INSERT INTO `om_menu_role` VALUES ('1', '403', '40');
INSERT INTO `om_menu_role` VALUES ('1', '404', '40');
INSERT INTO `om_menu_role` VALUES ('1', '405', '40');
INSERT INTO `om_menu_role` VALUES ('1', '406', '40');
INSERT INTO `om_menu_role` VALUES ('1', '41', '4');
INSERT INTO `om_menu_role` VALUES ('1', '411', '41');
INSERT INTO `om_menu_role` VALUES ('1', '412', '41');
INSERT INTO `om_menu_role` VALUES ('1', '413', '41');
INSERT INTO `om_menu_role` VALUES ('1', '414', '41');
INSERT INTO `om_menu_role` VALUES ('1', '42', '4');
INSERT INTO `om_menu_role` VALUES ('1', '421', '42');
INSERT INTO `om_menu_role` VALUES ('1', '422', '42');
INSERT INTO `om_menu_role` VALUES ('1', '423', '42');
INSERT INTO `om_menu_role` VALUES ('1', '43', '4');
INSERT INTO `om_menu_role` VALUES ('1', '430', '43');
INSERT INTO `om_menu_role` VALUES ('1', '5', '');
INSERT INTO `om_menu_role` VALUES ('1', '50', '5');
INSERT INTO `om_menu_role` VALUES ('1', '51', '5');
INSERT INTO `om_menu_role` VALUES ('1', '52', '5');
INSERT INTO `om_menu_role` VALUES ('1', '53', '5');
INSERT INTO `om_menu_role` VALUES ('1', '54', '5');
INSERT INTO `om_menu_role` VALUES ('1', '55', '5');
INSERT INTO `om_menu_role` VALUES ('1', '56', '5');
INSERT INTO `om_menu_role` VALUES ('1', '57', '5');
INSERT INTO `om_menu_role` VALUES ('2', '1', '');
INSERT INTO `om_menu_role` VALUES ('2', '10', '1');
INSERT INTO `om_menu_role` VALUES ('2', '11', '1');
INSERT INTO `om_menu_role` VALUES ('2', '4', '');
INSERT INTO `om_menu_role` VALUES ('2', '40', '1');
INSERT INTO `om_menu_role` VALUES ('2', '401', '40');
INSERT INTO `om_menu_role` VALUES ('2', '402', '4');
INSERT INTO `om_menu_role` VALUES ('3', '1', '');
INSERT INTO `om_menu_role` VALUES ('3', '10', '1');
INSERT INTO `om_menu_role` VALUES ('3', '30', '4');
INSERT INTO `om_menu_role` VALUES ('3', '302', '30');
INSERT INTO `om_menu_role` VALUES ('3', '303', '30');
INSERT INTO `om_menu_role` VALUES ('3', '304', '30');
INSERT INTO `om_menu_role` VALUES ('3', '305', '30');
INSERT INTO `om_menu_role` VALUES ('3', '306', '30');
INSERT INTO `om_menu_role` VALUES ('3', '307', '30');
INSERT INTO `om_menu_role` VALUES ('3', '308', '30');
INSERT INTO `om_menu_role` VALUES ('3', '33', '10');
INSERT INTO `om_menu_role` VALUES ('3', '331', '33');
INSERT INTO `om_menu_role` VALUES ('3', '34', '10');
INSERT INTO `om_menu_role` VALUES ('3', '341', '34');
INSERT INTO `om_menu_role` VALUES ('3', '342', '34');
INSERT INTO `om_menu_role` VALUES ('3', '343', '34');
INSERT INTO `om_menu_role` VALUES ('3', '4', '');
INSERT INTO `om_menu_role` VALUES ('3', '40', '4');
INSERT INTO `om_menu_role` VALUES ('3', '401', '40');
INSERT INTO `om_menu_role` VALUES ('3', '402', '40');
INSERT INTO `om_menu_role` VALUES ('6', '1', '');
INSERT INTO `om_menu_role` VALUES ('6', '10', '1');
INSERT INTO `om_menu_role` VALUES ('6', '11', '1');
INSERT INTO `om_menu_role` VALUES ('6', '12', '1');
INSERT INTO `om_menu_role` VALUES ('6', '14', '1');

-- ----------------------------
-- Table structure for om_module_org
-- ----------------------------
DROP TABLE IF EXISTS `om_module_org`;
CREATE TABLE `om_module_org` (
  `MODULE_ID` varchar(10) NOT NULL COMMENT '模块代码',
  `SYSTEM_ID` varchar(10) NOT NULL COMMENT '目标系统ID',
  `MODULE_NAME` varchar(60) NOT NULL COMMENT '目标模块名称',
  `MODULE_DESC` varchar(100) DEFAULT NULL COMMENT '目标模块描述',
  PRIMARY KEY (`MODULE_ID`,`SYSTEM_ID`)
) ENGINE=InnoDB DEFAULT CHARSET=utf8 COMMENT='目标模块表';

-- ----------------------------
-- Records of om_module_org
-- ----------------------------
INSERT INTO `om_module_org` VALUES ('AC', 'GLR', 'AC', '核算参数');
INSERT INTO `om_module_org` VALUES ('CD', 'KBS', 'CD', '卡参数');
INSERT INTO `om_module_org` VALUES ('CIF', 'KBS', 'CIF', '客户参数');
INSERT INTO `om_module_org` VALUES ('COMMON', 'UP', 'COMMON', '公共参数');
INSERT INTO `om_module_org` VALUES ('EXRATE', 'UP', 'EXRATE', '汇率参数');
INSERT INTO `om_module_org` VALUES ('FEE', 'UP', 'FEE', '费率参数');
INSERT INTO `om_module_org` VALUES ('FM', 'KBS', 'FM', '公共参数');
INSERT INTO `om_module_org` VALUES ('GL', 'GLR', 'GL', '总账参数');
INSERT INTO `om_module_org` VALUES ('INTRATE', 'UP', 'INTRATE', '利率参数');
INSERT INTO `om_module_org` VALUES ('LM', 'KBS', 'LM', '限额参数');
INSERT INTO `om_module_org` VALUES ('MB', 'KBS', 'MB', '业务参数');
INSERT INTO `om_module_org` VALUES ('RC', 'KBS', 'RC', '风险控制参数');
INSERT INTO `om_module_org` VALUES ('TB', 'KBS', 'TB', '尾箱参数');

-- ----------------------------
-- Table structure for om_page_classification
-- ----------------------------
DROP TABLE IF EXISTS `om_page_classification`;
CREATE TABLE `om_page_classification` (
  `department` varchar(10) NOT NULL,
  `page_class` varchar(10) NOT NULL,
  `attr_key` varchar(30) NOT NULL,
  PRIMARY KEY (`department`,`page_class`,`attr_key`)
) ENGINE=InnoDB DEFAULT CHARSET=utf8;

-- ----------------------------
-- Records of om_page_classification
-- ----------------------------

-- ----------------------------
-- Table structure for om_param_perm_def
-- ----------------------------
DROP TABLE IF EXISTS `om_param_perm_def`;
CREATE TABLE `om_param_perm_def` (
  `user_id` varchar(10) NOT NULL COMMENT '用户id',
  `system_id` varchar(30) NOT NULL COMMENT '所属系统',
  `model_id` varchar(100) NOT NULL COMMENT '所属模块',
  `perm_level` varchar(30) DEFAULT NULL COMMENT '权限等级',
  PRIMARY KEY (`user_id`,`system_id`,`model_id`)
) ENGINE=InnoDB DEFAULT CHARSET=utf8 COMMENT='用户参数权限等一表';

-- ----------------------------
-- Records of om_param_perm_def
-- ----------------------------
INSERT INTO `om_param_perm_def` VALUES ('para', 'KBS', 'FM', '1');

-- ----------------------------
-- Table structure for om_process_detail_hist
-- ----------------------------
DROP TABLE IF EXISTS `om_process_detail_hist`;
CREATE TABLE `om_process_detail_hist` (
  `main_seq_no` varchar(30) NOT NULL COMMENT '主交易号',
  `dtl_seq_no` int(5) NOT NULL COMMENT '序列(main_seq_no下排序)',
  `status` varchar(1) NOT NULL COMMENT '操作类型: ',
  `remark` varchar(500) DEFAULT NULL COMMENT '复核发布意见',
  `is_approved` varchar(1) DEFAULT NULL COMMENT '是否通过:Y;N',
  `user_id` varchar(20) NOT NULL COMMENT '操作人ID',
  `client_ip` varchar(15) DEFAULT NULL COMMENT '操作人IP',
  `tran_time` varchar(20) DEFAULT NULL COMMENT '操作时间',
  PRIMARY KEY (`main_seq_no`,`dtl_seq_no`,`status`)
) ENGINE=InnoDB DEFAULT CHARSET=utf8 COMMENT='参数操作历史表';

-- ----------------------------
-- Records of om_process_detail_hist
-- ----------------------------
INSERT INTO `om_process_detail_hist` VALUES ('20190509202234968', '1', '1', null, null, 'admin', null, '2019/05/09');
INSERT INTO `om_process_detail_hist` VALUES ('20190509202234968', '1', '2', null, null, 'admin', null, '2019/05/09');
INSERT INTO `om_process_detail_hist` VALUES ('20190509202234968', '1', '3', '33', 'Y', 'admin', null, '2019/05/09');
INSERT INTO `om_process_detail_hist` VALUES ('20190511122432662', '1', '1', null, null, 'admin', null, '2019/05/11');
INSERT INTO `om_process_detail_hist` VALUES ('20190511122432662', '1', '2', null, null, 'admin', null, '2019/05/11');
INSERT INTO `om_process_detail_hist` VALUES ('20190511122432662', '1', '3', 'ww', 'Y', 'admin', null, '2019/05/11');
INSERT INTO `om_process_detail_hist` VALUES ('20190511122432662', '1', '4', 'wwww', 'Y', 'admin', null, '2019/05/11');

-- ----------------------------
-- Table structure for om_process_main_flow
-- ----------------------------
DROP TABLE IF EXISTS `om_process_main_flow`;
CREATE TABLE `om_process_main_flow` (
  `main_seq_no` varchar(30) NOT NULL COMMENT '主交易号(日期+序列)',
  `tran_id` varchar(100) NOT NULL COMMENT '参数交易名(MenuID)/参数表全名',
  `tran_desc` varchar(200) NOT NULL COMMENT '交易中文描述',
  `status` varchar(1) NOT NULL COMMENT '当前状态:已申请1，已录入2，已复核3，已发布4，已作废5，已驳回6, 附属交易0',
  `is_tran_group` varchar(1) DEFAULT 'N',
  `dtl_seq_no` int(5) NOT NULL COMMENT '当前操作历史序号',
  `rec_seq_no` int(5) DEFAULT NULL COMMENT '当前操作记录序号',
  `dispose` varchar(1) DEFAULT NULL,
  `user_id` varchar(20) DEFAULT NULL,
  PRIMARY KEY (`main_seq_no`)
) ENGINE=InnoDB DEFAULT CHARSET=utf8 COMMENT='参数流程主信息表';

-- ----------------------------
-- Records of om_process_main_flow
-- ----------------------------
INSERT INTO `om_process_main_flow` VALUES ('20190509202234968', 'MB_PROD_TYPE', '产品定义表', '3', 'Y', '1', null, 'N', 'admin');
INSERT INTO `om_process_main_flow` VALUES ('20190511122432662', 'CIF_CLIENT_TYPE', '客户类型-大类表', '4', 'Y', '1', null, 'Y', 'admin');

-- ----------------------------
-- Table structure for om_process_record_hist
-- ----------------------------
DROP TABLE IF EXISTS `om_process_record_hist`;
CREATE TABLE `om_process_record_hist` (
  `rec_seq_no` varchar(20) NOT NULL COMMENT '数据记录序号',
  `sub_seq_no` int(5) NOT NULL COMMENT '子序列号',
  `main_seq_no` varchar(30) NOT NULL COMMENT '主交易号',
  `table_name` varchar(50) NOT NULL COMMENT '参数表全名',
  `pk_and_value` varchar(500) DEFAULT NULL COMMENT '主键与值的组合',
  `dml_type` varchar(1) NOT NULL COMMENT '操作类型：D/U/I',
  `dml_data` longblob COMMENT '批量删除/添加/修改参数表数据的报文',
  `dml_old_data` longblob COMMENT '批量修改之前的参数表数据报文',
  PRIMARY KEY (`rec_seq_no`,`sub_seq_no`)
) ENGINE=InnoDB DEFAULT CHARSET=utf8 COMMENT='参数操作数据表';

-- ----------------------------
-- Records of om_process_record_hist
-- ----------------------------
INSERT INTO `om_process_record_hist` VALUES ('20190509202235362', '1', '20190509202234968', 'MB_PROD_TYPE', '{\"PROD_TYPE\":\"1\"}', 'I', 0x7B2270726F6454797065223A2231222C2270726F6444657363223A2231222C2270726F6441626272223A22E4B8AAE4BABAE4BABAE6B091E5B881E6B4BBE69C9F222C2270726F64436C617373223A22524242415345222C2270726F6447726F7570223A224E222C2270726F6452616E6765223A2253222C226261736550726F6454797065223A225242313032222C22737461747573223A2241222C22736F757263654D6F64756C65223A225242227D, 0x7B2270726F6454797065223A2231227D);
INSERT INTO `om_process_record_hist` VALUES ('20190509202235398', '1', '20190509202234968', 'MB_PROD_DEFINE', '{\"EVENT_TYPE\":\"BASE_1\",\"PROD_TYPE\":\"1\",\"ASSEMBLE_ID\":\"PROD_START_DATE\",\"ASSEMBLE_TYPE\":\"ATTR\",\"ATTR_KEY\":\"PROD_START_DATE\"}', 'I', 0x7B2270726F6454797065223A2231222C226576656E7454797065223A22424153455F31222C22617373656D626C6554797065223A2241545452222C22617373656D626C654964223A2250524F445F53544152545F44415445222C22617474724B6579223A2250524F445F53544152545F44415445222C226174747256616C7565223A223230303030313031222C22737461747573223A2241222C2270616765436F6465223A2242415345222C22706167655365714E6F223A312C226F7074696F6E5065726D697373696F6E73223A2245227D, 0x7B2270726F6454797065223A2231222C226576656E7454797065223A22424153455F31227D);
INSERT INTO `om_process_record_hist` VALUES ('20190509202235398', '2', '20190509202234968', 'MB_PROD_DEFINE', '{\"EVENT_TYPE\":\"BASE_1\",\"PROD_TYPE\":\"1\",\"ASSEMBLE_ID\":\"PROD_END_DATE\",\"ASSEMBLE_TYPE\":\"ATTR\",\"ATTR_KEY\":\"PROD_END_DATE\"}', 'I', 0x7B2270726F6454797065223A2231222C226576656E7454797065223A22424153455F31222C22617373656D626C6554797065223A2241545452222C22617373656D626C654964223A2250524F445F454E445F44415445222C22617474724B6579223A2250524F445F454E445F44415445222C226174747256616C7565223A223239393931323331222C22737461747573223A2241222C2270616765436F6465223A2242415345222C22706167655365714E6F223A322C226F7074696F6E5065726D697373696F6E73223A2245227D, 0x7B2270726F6454797065223A2231222C226576656E7454797065223A22424153455F31227D);
INSERT INTO `om_process_record_hist` VALUES ('20190509202235398', '3', '20190509202234968', 'MB_PROD_DEFINE', '{\"EVENT_TYPE\":\"BASE_1\",\"PROD_TYPE\":\"1\",\"ASSEMBLE_ID\":\"LEGAL_PERSON\",\"ASSEMBLE_TYPE\":\"ATTR\",\"ATTR_KEY\":\"LEGAL_PERSON\"}', 'I', 0x7B2270726F6454797065223A2231222C226576656E7454797065223A22424153455F31222C22617373656D626C6554797065223A2241545452222C22617373656D626C654964223A224C4547414C5F504552534F4E222C22617474724B6579223A224C4547414C5F504552534F4E222C226174747256616C7565223A224443495453222C22737461747573223A2241222C2270616765436F6465223A2242415345222C22706167655365714E6F223A332C226F7074696F6E5065726D697373696F6E73223A2245227D, 0x7B2270726F6454797065223A2231222C226576656E7454797065223A22424153455F31227D);
INSERT INTO `om_process_record_hist` VALUES ('20190509202235398', '4', '20190509202234968', 'MB_PROD_DEFINE', '{\"EVENT_TYPE\":\"BASE_1\",\"PROD_TYPE\":\"1\",\"ASSEMBLE_ID\":\"PROD_REGION\",\"ASSEMBLE_TYPE\":\"ATTR\",\"ATTR_KEY\":\"PROD_REGION\"}', 'I', 0x7B2270726F6454797065223A2231222C226576656E7454797065223A22424153455F31222C22617373656D626C6554797065223A2241545452222C22617373656D626C654964223A2250524F445F524547494F4E222C22617474724B6579223A2250524F445F524547494F4E222C226174747256616C7565223A22414C4C222C22737461747573223A2241222C2270616765436F6465223A2242415345222C22706167655365714E6F223A342C226F7074696F6E5065726D697373696F6E73223A2245227D, 0x7B2270726F6454797065223A2231222C226576656E7454797065223A22424153455F31227D);
INSERT INTO `om_process_record_hist` VALUES ('20190509202235398', '5', '20190509202234968', 'MB_PROD_DEFINE', '{\"EVENT_TYPE\":\"BASE_1\",\"PROD_TYPE\":\"1\",\"ASSEMBLE_ID\":\"PROD_BRANCH\",\"ASSEMBLE_TYPE\":\"ATTR\",\"ATTR_KEY\":\"PROD_BRANCH\"}', 'I', 0x7B2270726F6454797065223A2231222C226576656E7454797065223A22424153455F31222C22617373656D626C6554797065223A2241545452222C22617373656D626C654964223A2250524F445F4252414E4348222C22617474724B6579223A2250524F445F4252414E4348222C226174747256616C7565223A22414C4C222C22737461747573223A2241222C2270616765436F6465223A2242415345222C22706167655365714E6F223A352C226F7074696F6E5065726D697373696F6E73223A2245227D, 0x7B2270726F6454797065223A2231222C226576656E7454797065223A22424153455F31227D);
INSERT INTO `om_process_record_hist` VALUES ('20190509202235398', '6', '20190509202234968', 'MB_PROD_DEFINE', '{\"EVENT_TYPE\":\"BASE_1\",\"PROD_TYPE\":\"1\",\"ASSEMBLE_ID\":\"PROFIT_CENTRE\",\"ASSEMBLE_TYPE\":\"ATTR\",\"ATTR_KEY\":\"PROFIT_CENTRE\"}', 'I', 0x7B2270726F6454797065223A2231222C226576656E7454797065223A22424153455F31222C22617373656D626C6554797065223A2241545452222C22617373656D626C654964223A2250524F4649545F43454E545245222C22617474724B6579223A2250524F4649545F43454E545245222C226174747256616C7565223A223939222C22737461747573223A2241222C2270616765436F6465223A2242415345222C22706167655365714E6F223A362C226F7074696F6E5065726D697373696F6E73223A2245227D, 0x7B2270726F6454797065223A2231222C226576656E7454797065223A22424153455F31227D);
INSERT INTO `om_process_record_hist` VALUES ('20190509202235398', '7', '20190509202234968', 'MB_PROD_DEFINE', '{\"EVENT_TYPE\":\"BASE_1\",\"PROD_TYPE\":\"1\",\"ASSEMBLE_ID\":\"ACCT_INT_FLAG\",\"ASSEMBLE_TYPE\":\"ATTR\",\"ATTR_KEY\":\"ACCT_INT_FLAG\"}', 'I', 0x7B2270726F6454797065223A2231222C226576656E7454797065223A22424153455F31222C22617373656D626C6554797065223A2241545452222C22617373656D626C654964223A22414343545F494E545F464C4147222C22617474724B6579223A22414343545F494E545F464C4147222C226174747256616C7565223A223130222C22737461747573223A2241222C2270616765436F6465223A2242415345222C22706167655365714E6F223A372C226F7074696F6E5065726D697373696F6E73223A2245227D, 0x7B2270726F6454797065223A2231222C226576656E7454797065223A22424153455F31227D);
INSERT INTO `om_process_record_hist` VALUES ('20190509202235398', '8', '20190509202234968', 'MB_PROD_DEFINE', '{\"EVENT_TYPE\":\"BASE_1\",\"PROD_TYPE\":\"1\",\"ASSEMBLE_ID\":\"ACCT_TYPE\",\"ASSEMBLE_TYPE\":\"ATTR\",\"ATTR_KEY\":\"ACCT_TYPE\"}', 'I', 0x7B2270726F6454797065223A2231222C226576656E7454797065223A22424153455F31222C22617373656D626C6554797065223A2241545452222C22617373656D626C654964223A22414343545F54595045222C22617474724B6579223A22414343545F54595045222C226174747256616C7565223A2243222C22737461747573223A2241222C2270616765436F6465223A2242415345222C22706167655365714E6F223A382C226F7074696F6E5065726D697373696F6E73223A2245227D, 0x7B2270726F6454797065223A2231222C226576656E7454797065223A22424153455F31227D);
INSERT INTO `om_process_record_hist` VALUES ('20190509202235398', '9', '20190509202234968', 'MB_PROD_DEFINE', '{\"EVENT_TYPE\":\"BASE_1\",\"PROD_TYPE\":\"1\",\"ASSEMBLE_ID\":\"ACCT_NATURE\",\"ASSEMBLE_TYPE\":\"ATTR\",\"ATTR_KEY\":\"ACCT_NATURE\"}', 'I', 0x7B2270726F6454797065223A2231222C226576656E7454797065223A22424153455F31222C22617373656D626C6554797065223A2241545452222C22617373656D626C654964223A22414343545F4E4154555245222C22617474724B6579223A22414343545F4E4154555245222C226174747256616C7565223A22312C32222C22737461747573223A2241222C2270616765436F6465223A2242415345222C22706167655365714E6F223A392C226F7074696F6E5065726D697373696F6E73223A2245227D, 0x7B2270726F6454797065223A2231222C226576656E7454797065223A22424153455F31227D);
INSERT INTO `om_process_record_hist` VALUES ('20190509202235398', '10', '20190509202234968', 'MB_PROD_DEFINE', '{\"EVENT_TYPE\":\"BASE_1\",\"PROD_TYPE\":\"1\",\"ASSEMBLE_ID\":\"INLAND_OFFSHORE\",\"ASSEMBLE_TYPE\":\"ATTR\",\"ATTR_KEY\":\"INLAND_OFFSHORE\"}', 'I', 0x7B2270726F6454797065223A2231222C226576656E7454797065223A22424153455F31222C22617373656D626C6554797065223A2241545452222C22617373656D626C654964223A22494E4C414E445F4F464653484F5245222C22617474724B6579223A22494E4C414E445F4F464653484F5245222C226174747256616C7565223A2249222C22737461747573223A2241222C2270616765436F6465223A2242415345222C22706167655365714E6F223A31302C226F7074696F6E5065726D697373696F6E73223A2245227D, 0x7B2270726F6454797065223A2231222C226576656E7454797065223A22424153455F31227D);
INSERT INTO `om_process_record_hist` VALUES ('20190509202235398', '11', '20190509202234968', 'MB_PROD_DEFINE', '{\"EVENT_TYPE\":\"BASE_1\",\"PROD_TYPE\":\"1\",\"ASSEMBLE_ID\":\"CLIENT_TYPE\",\"ASSEMBLE_TYPE\":\"ATTR\",\"ATTR_KEY\":\"CLIENT_TYPE\"}', 'I', 0x7B2270726F6454797065223A2231222C226576656E7454797065223A22424153455F31222C22617373656D626C6554797065223A2241545452222C22617373656D626C654964223A22434C49454E545F54595045222C22617474724B6579223A22434C49454E545F54595045222C226174747256616C7565223A223130222C22737461747573223A2241222C2270616765436F6465223A2242415345222C22706167655365714E6F223A31312C226F7074696F6E5065726D697373696F6E73223A2245227D, 0x7B2270726F6454797065223A2231222C226576656E7454797065223A22424153455F31227D);
INSERT INTO `om_process_record_hist` VALUES ('20190509202235398', '12', '20190509202234968', 'MB_PROD_DEFINE', '{\"EVENT_TYPE\":\"BASE_1\",\"PROD_TYPE\":\"1\",\"ASSEMBLE_ID\":\"MULTI_BAL_TYPE\",\"ASSEMBLE_TYPE\":\"ATTR\",\"ATTR_KEY\":\"MULTI_BAL_TYPE\"}', 'I', 0x7B2270726F6454797065223A2231222C226576656E7454797065223A22424153455F31222C22617373656D626C6554797065223A2241545452222C22617373656D626C654964223A224D554C54495F42414C5F54595045222C22617474724B6579223A224D554C54495F42414C5F54595045222C226174747256616C7565223A224E222C22737461747573223A2241222C2270616765436F6465223A2242415345222C22706167655365714E6F223A31322C226F7074696F6E5065726D697373696F6E73223A2245227D, 0x7B2270726F6454797065223A2231222C226576656E7454797065223A22424153455F31227D);
INSERT INTO `om_process_record_hist` VALUES ('20190509202235398', '13', '20190509202234968', 'MB_PROD_DEFINE', '{\"EVENT_TYPE\":\"BASE_1\",\"PROD_TYPE\":\"1\",\"ASSEMBLE_ID\":\"BAL_TYPE\",\"ASSEMBLE_TYPE\":\"ATTR\",\"ATTR_KEY\":\"BAL_TYPE\"}', 'I', 0x7B2270726F6454797065223A2231222C226576656E7454797065223A22424153455F31222C22617373656D626C6554797065223A2241545452222C22617373656D626C654964223A2242414C5F54595045222C22617474724B6579223A2242414C5F54595045222C226174747256616C7565223A224341222C22737461747573223A2241222C2270616765436F6465223A2242415345222C22706167655365714E6F223A31332C226F7074696F6E5065726D697373696F6E73223A2245227D, 0x7B2270726F6454797065223A2231222C226576656E7454797065223A22424153455F31227D);
INSERT INTO `om_process_record_hist` VALUES ('20190509202235398', '14', '20190509202234968', 'MB_PROD_DEFINE', '{\"EVENT_TYPE\":\"BASE_1\",\"PROD_TYPE\":\"1\",\"ASSEMBLE_ID\":\"OWNERSHIP_TYPE\",\"ASSEMBLE_TYPE\":\"ATTR\",\"ATTR_KEY\":\"OWNERSHIP_TYPE\"}', 'I', 0x7B2270726F6454797065223A2231222C226576656E7454797065223A22424153455F31222C22617373656D626C6554797065223A2241545452222C22617373656D626C654964223A224F574E4552534849505F54595045222C22617474724B6579223A224F574E4552534849505F54595045222C226174747256616C7565223A225347222C22737461747573223A2241222C2270616765436F6465223A2242415345222C22706167655365714E6F223A31342C226F7074696F6E5065726D697373696F6E73223A2245227D, 0x7B2270726F6454797065223A2231222C226576656E7454797065223A22424153455F31227D);
INSERT INTO `om_process_record_hist` VALUES ('20190509202235398', '15', '20190509202234968', 'MB_PROD_DEFINE', '{\"EVENT_TYPE\":\"BASE_1\",\"PROD_TYPE\":\"1\",\"ASSEMBLE_ID\":\"WITHDRAWAL_TYPE\",\"ASSEMBLE_TYPE\":\"ATTR\",\"ATTR_KEY\":\"WITHDRAWAL_TYPE\"}', 'I', 0x7B2270726F6454797065223A2231222C226576656E7454797065223A22424153455F31222C22617373656D626C6554797065223A2241545452222C22617373656D626C654964223A225749544844524157414C5F54595045222C22617474724B6579223A225749544844524157414C5F54595045222C226174747256616C7565223A2250222C22737461747573223A2241222C2270616765436F6465223A2242415345222C22706167655365714E6F223A31352C226F7074696F6E5065726D697373696F6E73223A2245227D, 0x7B2270726F6454797065223A2231222C226576656E7454797065223A22424153455F31227D);
INSERT INTO `om_process_record_hist` VALUES ('20190509202235398', '16', '20190509202234968', 'MB_PROD_DEFINE', '{\"EVENT_TYPE\":\"BASE_1\",\"PROD_TYPE\":\"1\",\"ASSEMBLE_ID\":\"AUTO_DORM_FLAG\",\"ASSEMBLE_TYPE\":\"ATTR\",\"ATTR_KEY\":\"AUTO_DORM_FLAG\"}', 'I', 0x7B2270726F6454797065223A2231222C226576656E7454797065223A22424153455F31222C22617373656D626C6554797065223A2241545452222C22617373656D626C654964223A224155544F5F444F524D5F464C4147222C22617474724B6579223A224155544F5F444F524D5F464C4147222C226174747256616C7565223A2259222C22737461747573223A2241222C2270616765436F6465223A2242415345222C22706167655365714E6F223A31362C226F7074696F6E5065726D697373696F6E73223A2245227D, 0x7B2270726F6454797065223A2231222C226576656E7454797065223A22424153455F31227D);
INSERT INTO `om_process_record_hist` VALUES ('20190509202235398', '17', '20190509202234968', 'MB_PROD_DEFINE', '{\"EVENT_TYPE\":\"BASE_1\",\"PROD_TYPE\":\"1\",\"ASSEMBLE_ID\":\"DORMANT_MONTH\",\"ASSEMBLE_TYPE\":\"ATTR\",\"ATTR_KEY\":\"DORMANT_MONTH\"}', 'I', 0x7B2270726F6454797065223A2231222C226576656E7454797065223A22424153455F31222C22617373656D626C6554797065223A2241545452222C22617373656D626C654964223A22444F524D414E545F4D4F4E5448222C22617474724B6579223A22444F524D414E545F4D4F4E5448222C226174747256616C7565223A223336222C22737461747573223A2241222C2270616765436F6465223A2242415345222C22706167655365714E6F223A31372C226F7074696F6E5065726D697373696F6E73223A2245227D, 0x7B2270726F6454797065223A2231222C226576656E7454797065223A22424153455F31227D);
INSERT INTO `om_process_record_hist` VALUES ('20190509202235398', '18', '20190509202234968', 'MB_PROD_DEFINE', '{\"EVENT_TYPE\":\"BASE_1\",\"PROD_TYPE\":\"1\",\"ASSEMBLE_ID\":\"ALL_DRA_FLAG\",\"ASSEMBLE_TYPE\":\"ATTR\",\"ATTR_KEY\":\"ALL_DRA_FLAG\"}', 'I', 0x7B2270726F6454797065223A2231222C226576656E7454797065223A22424153455F31222C22617373656D626C6554797065223A2241545452222C22617373656D626C654964223A22414C4C5F4452415F464C4147222C22617474724B6579223A22414C4C5F4452415F464C4147222C226174747256616C7565223A2259222C22737461747573223A2241222C2270616765436F6465223A2242415345222C22706167655365714E6F223A31382C226F7074696F6E5065726D697373696F6E73223A2245227D, 0x7B2270726F6454797065223A2231222C226576656E7454797065223A22424153455F31227D);
INSERT INTO `om_process_record_hist` VALUES ('20190509202235398', '19', '20190509202234968', 'MB_PROD_DEFINE', '{\"EVENT_TYPE\":\"BASE_1\",\"PROD_TYPE\":\"1\",\"ASSEMBLE_ID\":\"ALL_DEP_FLAG\",\"ASSEMBLE_TYPE\":\"ATTR\",\"ATTR_KEY\":\"ALL_DEP_FLAG\"}', 'I', 0x7B2270726F6454797065223A2231222C226576656E7454797065223A22424153455F31222C22617373656D626C6554797065223A2241545452222C22617373656D626C654964223A22414C4C5F4445505F464C4147222C22617474724B6579223A22414C4C5F4445505F464C4147222C226174747256616C7565223A2259222C22737461747573223A2241222C2270616765436F6465223A2242415345222C22706167655365714E6F223A31392C226F7074696F6E5065726D697373696F6E73223A2245227D, 0x7B2270726F6454797065223A2231222C226576656E7454797065223A22424153455F31227D);
INSERT INTO `om_process_record_hist` VALUES ('20190509202235398', '20', '20190509202234968', 'MB_PROD_DEFINE', '{\"EVENT_TYPE\":\"BASE_1\",\"PROD_TYPE\":\"1\",\"ASSEMBLE_ID\":\"MULTI_CCY\",\"ASSEMBLE_TYPE\":\"ATTR\",\"ATTR_KEY\":\"MULTI_CCY\"}', 'I', 0x7B2270726F6454797065223A2231222C226576656E7454797065223A22424153455F31222C22617373656D626C6554797065223A2241545452222C22617373656D626C654964223A224D554C54495F434359222C22617474724B6579223A224D554C54495F434359222C226174747256616C7565223A224E222C22737461747573223A2241222C2270616765436F6465223A2242415345222C22706167655365714E6F223A32302C226F7074696F6E5065726D697373696F6E73223A2245227D, 0x7B2270726F6454797065223A2231222C226576656E7454797065223A22424153455F31227D);
INSERT INTO `om_process_record_hist` VALUES ('20190509202235398', '21', '20190509202234968', 'MB_PROD_DEFINE', '{\"EVENT_TYPE\":\"BASE_1\",\"PROD_TYPE\":\"1\",\"ASSEMBLE_ID\":\"CCY\",\"ASSEMBLE_TYPE\":\"ATTR\",\"ATTR_KEY\":\"CCY\"}', 'I', 0x7B2270726F6454797065223A2231222C226576656E7454797065223A22424153455F31222C22617373656D626C6554797065223A2241545452222C22617373656D626C654964223A22434359222C22617474724B6579223A22434359222C226174747256616C7565223A22434E59222C22737461747573223A2241222C2270616765436F6465223A2242415345222C22706167655365714E6F223A32312C226F7074696F6E5065726D697373696F6E73223A2245227D, 0x7B2270726F6454797065223A2231222C226576656E7454797065223A22424153455F31227D);
INSERT INTO `om_process_record_hist` VALUES ('20190509202235398', '22', '20190509202234968', 'MB_PROD_DEFINE', '{\"EVENT_TYPE\":\"BASE_1\",\"PROD_TYPE\":\"1\",\"ASSEMBLE_ID\":\"CYCLE_FREQ\",\"ASSEMBLE_TYPE\":\"ATTR\",\"ATTR_KEY\":\"CYCLE_FREQ\"}', 'I', 0x7B2270726F6454797065223A2231222C226576656E7454797065223A22424153455F31222C22617373656D626C6554797065223A2241545452222C22617373656D626C654964223A224359434C455F46524551222C22617474724B6579223A224359434C455F46524551222C226174747256616C7565223A224D33222C22737461747573223A2241222C2270616765436F6465223A2242415345222C22706167655365714E6F223A32322C226F7074696F6E5065726D697373696F6E73223A2245227D, 0x7B2270726F6454797065223A2231222C226576656E7454797065223A22424153455F31227D);
INSERT INTO `om_process_record_hist` VALUES ('20190509202235398', '23', '20190509202234968', 'MB_PROD_DEFINE', '{\"EVENT_TYPE\":\"BASE_1\",\"PROD_TYPE\":\"1\",\"ASSEMBLE_ID\":\"INT_DAY\",\"ASSEMBLE_TYPE\":\"ATTR\",\"ATTR_KEY\":\"INT_DAY\"}', 'I', 0x7B2270726F6454797065223A2231222C226576656E7454797065223A22424153455F31222C22617373656D626C6554797065223A2241545452222C22617373656D626C654964223A22494E545F444159222C22617474724B6579223A22494E545F444159222C226174747256616C7565223A223231222C22737461747573223A2241222C2270616765436F6465223A2242415345222C22706167655365714E6F223A32332C226F7074696F6E5065726D697373696F6E73223A2245227D, 0x7B2270726F6454797065223A2231222C226576656E7454797065223A22424153455F31227D);
INSERT INTO `om_process_record_hist` VALUES ('20190509202235398', '24', '20190509202234968', 'MB_PROD_DEFINE', '{\"EVENT_TYPE\":\"BASE_1\",\"PROD_TYPE\":\"1\",\"ASSEMBLE_ID\":\"SOURCE_MODULE\",\"ASSEMBLE_TYPE\":\"ATTR\",\"ATTR_KEY\":\"SOURCE_MODULE\"}', 'I', 0x7B2270726F6454797065223A2231222C226576656E7454797065223A22424153455F31222C22617373656D626C6554797065223A2241545452222C22617373656D626C654964223A22534F555243455F4D4F44554C45222C22617474724B6579223A22534F555243455F4D4F44554C45222C226174747256616C7565223A225242222C22737461747573223A2241222C2270616765436F6465223A2242415345222C22706167655365714E6F223A32352C226F7074696F6E5065726D697373696F6E73223A2245227D, 0x7B2270726F6454797065223A2231222C226576656E7454797065223A22424153455F31227D);
INSERT INTO `om_process_record_hist` VALUES ('20190509202235398', '25', '20190509202234968', 'MB_PROD_DEFINE', '{\"EVENT_TYPE\":\"BASE_1\",\"PROD_TYPE\":\"1\",\"ASSEMBLE_ID\":\"ACCT_BAL_FLAG\",\"ASSEMBLE_TYPE\":\"ATTR\",\"ATTR_KEY\":\"ACCT_BAL_FLAG\"}', 'I', 0x7B2270726F6454797065223A2231222C226576656E7454797065223A22424153455F31222C22617373656D626C6554797065223A2241545452222C22617373656D626C654964223A22414343545F42414C5F464C4147222C22617474724B6579223A22414343545F42414C5F464C4147222C226174747256616C7565223A223130222C22737461747573223A2241222C2270616765436F6465223A2242415345222C22706167655365714E6F223A32362C226F7074696F6E5065726D697373696F6E73223A2245227D, 0x7B2270726F6454797065223A2231222C226576656E7454797065223A22424153455F31227D);
INSERT INTO `om_process_record_hist` VALUES ('20190509202235398', '26', '20190509202234968', 'MB_PROD_DEFINE', '{\"EVENT_TYPE\":\"BASE_1\",\"PROD_TYPE\":\"1\",\"ASSEMBLE_ID\":\"ACCT_STRUCT_FLAG\",\"ASSEMBLE_TYPE\":\"ATTR\",\"ATTR_KEY\":\"ACCT_STRUCT_FLAG\"}', 'I', 0x7B2270726F6454797065223A2231222C226576656E7454797065223A22424153455F31222C22617373656D626C6554797065223A2241545452222C22617373656D626C654964223A22414343545F5354525543545F464C4147222C22617474724B6579223A22414343545F5354525543545F464C4147222C226174747256616C7565223A2231222C22737461747573223A2241222C2270616765436F6465223A2242415345222C22706167655365714E6F223A32372C226F7074696F6E5065726D697373696F6E73223A2245227D, 0x7B2270726F6454797065223A2231222C226576656E7454797065223A22424153455F31227D);
INSERT INTO `om_process_record_hist` VALUES ('20190509202235398', '27', '20190509202234968', 'MB_PROD_DEFINE', '{\"EVENT_TYPE\":\"BASE_1\",\"PROD_TYPE\":\"1\",\"ASSEMBLE_ID\":\"AMT_TYPE\",\"ASSEMBLE_TYPE\":\"ATTR\",\"ATTR_KEY\":\"AMT_TYPE\"}', 'I', 0x7B2270726F6454797065223A2231222C226576656E7454797065223A22424153455F31222C22617373656D626C6554797065223A2241545452222C22617373656D626C654964223A22414D545F54595045222C22617474724B6579223A22414D545F54595045222C226174747256616C7565223A2242414C2C444F53222C22737461747573223A2241222C2270616765436F6465223A2242415345222C22706167655365714E6F223A32382C226F7074696F6E5065726D697373696F6E73223A2245227D, 0x7B2270726F6454797065223A2231222C226576656E7454797065223A22424153455F31227D);
INSERT INTO `om_process_record_hist` VALUES ('20190509202235398', '28', '20190509202234968', 'MB_PROD_DEFINE', '{\"EVENT_TYPE\":\"BASE_1\",\"PROD_TYPE\":\"1\",\"ASSEMBLE_ID\":\"ACCT_REAL_FLAG\",\"ASSEMBLE_TYPE\":\"ATTR\",\"ATTR_KEY\":\"ACCT_REAL_FLAG\"}', 'I', 0x7B2270726F6454797065223A2231222C226576656E7454797065223A22424153455F31222C22617373656D626C6554797065223A2241545452222C22617373656D626C654964223A22414343545F5245414C5F464C4147222C22617474724B6579223A22414343545F5245414C5F464C4147222C226174747256616C7565223A223130222C22737461747573223A2241222C2270616765436F6465223A2242415345222C22706167655365714E6F223A32392C226F7074696F6E5065726D697373696F6E73223A2245227D, 0x7B2270726F6454797065223A2231222C226576656E7454797065223A22424153455F31227D);
INSERT INTO `om_process_record_hist` VALUES ('20190509202235398', '29', '20190509202234968', 'MB_PROD_DEFINE', '{\"EVENT_TYPE\":\"BASE_1\",\"PROD_TYPE\":\"1\",\"ASSEMBLE_ID\":\"CLIENT_IND\",\"ASSEMBLE_TYPE\":\"ATTR\",\"ATTR_KEY\":\"CLIENT_IND\"}', 'I', 0x7B2270726F6454797065223A2231222C226576656E7454797065223A22424153455F31222C22617373656D626C6554797065223A2241545452222C22617373656D626C654964223A22434C49454E545F494E44222C22617474724B6579223A22434C49454E545F494E44222C226174747256616C7565223A224E2C532C56222C22737461747573223A2241222C2270616765436F6465223A2242415345222C22706167655365714E6F223A33302C226F7074696F6E5065726D697373696F6E73223A2245227D, 0x7B2270726F6454797065223A2231222C226576656E7454797065223A22424153455F31227D);
INSERT INTO `om_process_record_hist` VALUES ('20190509202235398', '30', '20190509202234968', 'MB_PROD_DEFINE', '{\"EVENT_TYPE\":\"BASE_1\",\"PROD_TYPE\":\"1\",\"ASSEMBLE_ID\":\"NEXT_CYCLE_DATE\",\"ASSEMBLE_TYPE\":\"ATTR\",\"ATTR_KEY\":\"NEXT_CYCLE_DATE\"}', 'I', 0x7B2270726F6454797065223A2231222C226576656E7454797065223A22424153455F31222C22617373656D626C6554797065223A2241545452222C22617373656D626C654964223A224E4558545F4359434C455F44415445222C22617474724B6579223A224E4558545F4359434C455F44415445222C226174747256616C7565223A223230323130333231222C22737461747573223A2241222C2270616765436F6465223A2242415345222C22706167655365714E6F223A33312C226F7074696F6E5065726D697373696F6E73223A2245227D, 0x7B2270726F6454797065223A2231222C226576656E7454797065223A22424153455F31227D);
INSERT INTO `om_process_record_hist` VALUES ('20190509202235398', '31', '20190509202234968', 'MB_PROD_DEFINE', '{\"EVENT_TYPE\":\"BASE_1\",\"PROD_TYPE\":\"1\",\"ASSEMBLE_ID\":\"INT_CAP\",\"ASSEMBLE_TYPE\":\"ATTR\",\"ATTR_KEY\":\"INT_CAP\"}', 'I', 0x7B2270726F6454797065223A2231222C226576656E7454797065223A22424153455F31222C22617373656D626C6554797065223A2241545452222C22617373656D626C654964223A22494E545F434150222C22617474724B6579223A22494E545F434150222C226174747256616C7565223A2259222C22737461747573223A2241222C2270616765436F6465223A2242415345222C22706167655365714E6F223A33322C226F7074696F6E5065726D697373696F6E73223A2245227D, 0x7B2270726F6454797065223A2231222C226576656E7454797065223A22424153455F31227D);
INSERT INTO `om_process_record_hist` VALUES ('20190509202235398', '32', '20190509202234968', 'MB_PROD_DEFINE', '{\"EVENT_TYPE\":\"CRET_1\",\"PROD_TYPE\":\"1\",\"ASSEMBLE_ID\":\"AMT_CALC_TYPE\",\"ASSEMBLE_TYPE\":\"ATTR\",\"ATTR_KEY\":\"AMT_CALC_TYPE\"}', 'I', 0x7B2270726F6454797065223A2231222C226576656E7454797065223A22435245545F31222C22617373656D626C6554797065223A2241545452222C22617373656D626C654964223A22414D545F43414C435F54595045222C22617474724B6579223A22414D545F43414C435F54595045222C226174747256616C7565223A22302C70222C22737461747573223A2241222C2270616765436F6465223A2243524554222C22706167655365714E6F223A312C226F7074696F6E5065726D697373696F6E73223A2245227D, 0x7B2270726F6454797065223A2231222C226576656E7454797065223A22435245545F31227D);
INSERT INTO `om_process_record_hist` VALUES ('20190509202235398', '33', '20190509202234968', 'MB_PROD_DEFINE', '{\"EVENT_TYPE\":\"CYCLE_1\",\"PROD_TYPE\":\"1\",\"ASSEMBLE_ID\":\"AMT_CALC_TYPE\",\"ASSEMBLE_TYPE\":\"ATTR\",\"ATTR_KEY\":\"AMT_CALC_TYPE\"}', 'I', 0x7B2270726F6454797065223A2231222C226576656E7454797065223A224359434C455F31222C22617373656D626C6554797065223A2241545452222C22617373656D626C654964223A22414D545F43414C435F54595045222C22617474724B6579223A22414D545F43414C435F54595045222C226174747256616C7565223A22302C70222C22737461747573223A2241222C2270616765436F6465223A224359434C45222C22706167655365714E6F223A312C226F7074696F6E5065726D697373696F6E73223A2245227D, 0x7B2270726F6454797065223A2231222C226576656E7454797065223A224359434C455F31227D);
INSERT INTO `om_process_record_hist` VALUES ('20190509202235398', '34', '20190509202234968', 'MB_PROD_DEFINE', '{\"EVENT_TYPE\":\"DEBT_1\",\"PROD_TYPE\":\"1\",\"ASSEMBLE_ID\":\"AMT_CALC_TYPE\",\"ASSEMBLE_TYPE\":\"ATTR\",\"ATTR_KEY\":\"AMT_CALC_TYPE\"}', 'I', 0x7B2270726F6454797065223A2231222C226576656E7454797065223A22444542545F31222C22617373656D626C6554797065223A2241545452222C22617373656D626C654964223A22414D545F43414C435F54595045222C22617474724B6579223A22414D545F43414C435F54595045222C226174747256616C7565223A22312C6F222C22737461747573223A2241222C2270616765436F6465223A2244454254222C22706167655365714E6F223A322C226F7074696F6E5065726D697373696F6E73223A2245227D, 0x7B2270726F6454797065223A2231222C226576656E7454797065223A22444542545F31227D);
INSERT INTO `om_process_record_hist` VALUES ('20190509202235398', '35', '20190509202234968', 'MB_PROD_DEFINE', '{\"EVENT_TYPE\":\"CLOSE_1\",\"PROD_TYPE\":\"1\",\"ASSEMBLE_ID\":\"CHECK_ACCT_STATUS_PA\",\"ASSEMBLE_TYPE\":\"PART\",\"ATTR_KEY\":\"ACCT_STATUS\"}', 'I', 0x7B2270726F6454797065223A2231222C226576656E7454797065223A22434C4F53455F31222C22617373656D626C6554797065223A2250415254222C22617373656D626C654964223A22434845434B5F414343545F5354415455535F5041222C22617474724B6579223A22414343545F535441545553222C226174747256616C7565223A22412C442C532C4F2C4E222C22737461747573223A2241222C2270616765436F6465223A22434C4F5345222C22706167655365714E6F223A362C226F7074696F6E5065726D697373696F6E73223A2245227D, 0x7B2270726F6454797065223A2231222C226576656E7454797065223A22434C4F53455F31227D);
INSERT INTO `om_process_record_hist` VALUES ('20190509202235398', '36', '20190509202234968', 'MB_PROD_DEFINE', '{\"EVENT_TYPE\":\"CLOSE_1\",\"PROD_TYPE\":\"1\",\"ASSEMBLE_ID\":\"CHECK_ACCT_STATUS_PA\",\"ASSEMBLE_TYPE\":\"PART\",\"ATTR_KEY\":\"CHECK_ACCT_STATUS\"}', 'I', 0x7B2270726F6454797065223A2231222C226576656E7454797065223A22434C4F53455F31222C22617373656D626C6554797065223A2250415254222C22617373656D626C654964223A22434845434B5F414343545F5354415455535F5041222C22617474724B6579223A22434845434B5F414343545F535441545553222C226174747256616C7565223A2259222C22737461747573223A2241222C2270616765436F6465223A22434C4F5345222C22706167655365714E6F223A372C226F7074696F6E5065726D697373696F6E73223A2245227D, 0x7B2270726F6454797065223A2231222C226576656E7454797065223A22434C4F53455F31227D);
INSERT INTO `om_process_record_hist` VALUES ('20190509202235398', '37', '20190509202234968', 'MB_PROD_DEFINE', '{\"EVENT_TYPE\":\"CLOSE_1\",\"PROD_TYPE\":\"1\",\"ASSEMBLE_ID\":\"CHECK_SIGN\",\"ASSEMBLE_TYPE\":\"PART\",\"ATTR_KEY\":\"CHECK_SIGN\"}', 'I', 0x7B2270726F6454797065223A2231222C226576656E7454797065223A22434C4F53455F31222C22617373656D626C6554797065223A2250415254222C22617373656D626C654964223A22434845434B5F5349474E222C22617474724B6579223A22434845434B5F5349474E222C226174747256616C7565223A2259222C22737461747573223A2241222C2270616765436F6465223A22434C4F5345222C22706167655365714E6F223A392C226F7074696F6E5065726D697373696F6E73223A2245227D, 0x7B2270726F6454797065223A2231222C226576656E7454797065223A22434C4F53455F31227D);
INSERT INTO `om_process_record_hist` VALUES ('20190509202235398', '38', '20190509202234968', 'MB_PROD_DEFINE', '{\"EVENT_TYPE\":\"CRET_1\",\"PROD_TYPE\":\"1\",\"ASSEMBLE_ID\":\"CHECK_ACCT_STATUS_PA\",\"ASSEMBLE_TYPE\":\"PART\",\"ATTR_KEY\":\"ACCT_STATUS\"}', 'I', 0x7B2270726F6454797065223A2231222C226576656E7454797065223A22435245545F31222C22617373656D626C6554797065223A2250415254222C22617373656D626C654964223A22434845434B5F414343545F5354415455535F5041222C22617474724B6579223A22414343545F535441545553222C226174747256616C7565223A22412C482C442C4E2C53222C22737461747573223A2241222C2270616765436F6465223A2243524554222C22706167655365714E6F223A332C226F7074696F6E5065726D697373696F6E73223A2245227D, 0x7B2270726F6454797065223A2231222C226576656E7454797065223A22435245545F31227D);
INSERT INTO `om_process_record_hist` VALUES ('20190509202235398', '39', '20190509202234968', 'MB_PROD_DEFINE', '{\"EVENT_TYPE\":\"CRET_1\",\"PROD_TYPE\":\"1\",\"ASSEMBLE_ID\":\"CHECK_ACCT_STATUS_PA\",\"ASSEMBLE_TYPE\":\"PART\",\"ATTR_KEY\":\"CHECK_ACCT_STATUS\"}', 'I', 0x7B2270726F6454797065223A2231222C226576656E7454797065223A22435245545F31222C22617373656D626C6554797065223A2250415254222C22617373656D626C654964223A22434845434B5F414343545F5354415455535F5041222C22617474724B6579223A22434845434B5F414343545F535441545553222C226174747256616C7565223A2259222C22737461747573223A2241222C2270616765436F6465223A2243524554222C22706167655365714E6F223A332C226F7074696F6E5065726D697373696F6E73223A2245227D, 0x7B2270726F6454797065223A2231222C226576656E7454797065223A22435245545F31227D);
INSERT INTO `om_process_record_hist` VALUES ('20190509202235398', '40', '20190509202234968', 'MB_PROD_DEFINE', '{\"EVENT_TYPE\":\"CRET_1\",\"PROD_TYPE\":\"1\",\"ASSEMBLE_ID\":\"CHECK_RESTRAINT\",\"ASSEMBLE_TYPE\":\"PART\",\"ATTR_KEY\":\"CHECK_RESTRAINT\"}', 'I', 0x7B2270726F6454797065223A2231222C226576656E7454797065223A22435245545F31222C22617373656D626C6554797065223A2250415254222C22617373656D626C654964223A22434845434B5F524553545241494E54222C22617474724B6579223A22434845434B5F524553545241494E54222C226174747256616C7565223A2259222C22737461747573223A2241222C2270616765436F6465223A2243524554222C22706167655365714E6F223A342C226F7074696F6E5065726D697373696F6E73223A2245227D, 0x7B2270726F6454797065223A2231222C226576656E7454797065223A22435245545F31227D);
INSERT INTO `om_process_record_hist` VALUES ('20190509202235398', '41', '20190509202234968', 'MB_PROD_DEFINE', '{\"EVENT_TYPE\":\"CRET_1\",\"PROD_TYPE\":\"1\",\"ASSEMBLE_ID\":\"DRA_DEP_PA\",\"ASSEMBLE_TYPE\":\"PART\",\"ATTR_KEY\":\"ALL_DEP_FLAG\"}', 'I', 0x7B2270726F6454797065223A2231222C226576656E7454797065223A22435245545F31222C22617373656D626C6554797065223A2250415254222C22617373656D626C654964223A224452415F4445505F5041222C22617474724B6579223A22414C4C5F4445505F464C4147222C226174747256616C7565223A2259222C22737461747573223A2241222C2270616765436F6465223A2243524554222C22706167655365714E6F223A352C226F7074696F6E5065726D697373696F6E73223A2245227D, 0x7B2270726F6454797065223A2231222C226576656E7454797065223A22435245545F31227D);
INSERT INTO `om_process_record_hist` VALUES ('20190509202235398', '42', '20190509202234968', 'MB_PROD_DEFINE', '{\"EVENT_TYPE\":\"CRET_1\",\"PROD_TYPE\":\"1\",\"ASSEMBLE_ID\":\"DRA_DEP_PA\",\"ASSEMBLE_TYPE\":\"PART\",\"ATTR_KEY\":\"ALL_DRA_FLAG\"}', 'I', 0x7B2270726F6454797065223A2231222C226576656E7454797065223A22435245545F31222C22617373656D626C6554797065223A2250415254222C22617373656D626C654964223A224452415F4445505F5041222C22617474724B6579223A22414C4C5F4452415F464C4147222C226174747256616C7565223A224E222C22737461747573223A2241222C2270616765436F6465223A2243524554222C22706167655365714E6F223A362C226F7074696F6E5065726D697373696F6E73223A2245227D, 0x7B2270726F6454797065223A2231222C226576656E7454797065223A22435245545F31227D);
INSERT INTO `om_process_record_hist` VALUES ('20190509202235398', '43', '20190509202234968', 'MB_PROD_DEFINE', '{\"EVENT_TYPE\":\"CYCLE_1\",\"PROD_TYPE\":\"1\",\"ASSEMBLE_ID\":\"CHECK_ACCT_STATUS_PA\",\"ASSEMBLE_TYPE\":\"PART\",\"ATTR_KEY\":\"CHECK_ACCT_STATUS\"}', 'I', 0x7B2270726F6454797065223A2231222C226576656E7454797065223A224359434C455F31222C22617373656D626C6554797065223A2250415254222C22617373656D626C654964223A22434845434B5F414343545F5354415455535F5041222C22617474724B6579223A22434845434B5F414343545F535441545553222C226174747256616C7565223A2259222C22737461747573223A2241222C2270616765436F6465223A224359434C45222C22706167655365714E6F223A312C226F7074696F6E5065726D697373696F6E73223A2245227D, 0x7B2270726F6454797065223A2231222C226576656E7454797065223A224359434C455F31227D);
INSERT INTO `om_process_record_hist` VALUES ('20190509202235398', '44', '20190509202234968', 'MB_PROD_DEFINE', '{\"EVENT_TYPE\":\"CYCLE_1\",\"PROD_TYPE\":\"1\",\"ASSEMBLE_ID\":\"CHECK_ACCT_STATUS_PA\",\"ASSEMBLE_TYPE\":\"PART\",\"ATTR_KEY\":\"ACCT_STATUS\"}', 'I', 0x7B2270726F6454797065223A2231222C226576656E7454797065223A224359434C455F31222C22617373656D626C6554797065223A2250415254222C22617373656D626C654964223A22434845434B5F414343545F5354415455535F5041222C22617474724B6579223A22414343545F535441545553222C226174747256616C7565223A22412C482C442C4E2C53222C22737461747573223A2241222C2270616765436F6465223A224359434C45222C22706167655365714E6F223A322C226F7074696F6E5065726D697373696F6E73223A2245227D, 0x7B2270726F6454797065223A2231222C226576656E7454797065223A224359434C455F31227D);
INSERT INTO `om_process_record_hist` VALUES ('20190509202235398', '45', '20190509202234968', 'MB_PROD_DEFINE', '{\"EVENT_TYPE\":\"DEBT_1\",\"PROD_TYPE\":\"1\",\"ASSEMBLE_ID\":\"CHECK_ACCT_STATUS_PA\",\"ASSEMBLE_TYPE\":\"PART\",\"ATTR_KEY\":\"ACCT_STATUS\"}', 'I', 0x7B2270726F6454797065223A2231222C226576656E7454797065223A22444542545F31222C22617373656D626C6554797065223A2250415254222C22617373656D626C654964223A22434845434B5F414343545F5354415455535F5041222C22617474724B6579223A22414343545F535441545553222C226174747256616C7565223A22412C442C532C4F2C4E222C22737461747573223A2241222C2270616765436F6465223A2244454254222C22706167655365714E6F223A312C226F7074696F6E5065726D697373696F6E73223A2245227D, 0x7B2270726F6454797065223A2231222C226576656E7454797065223A22444542545F31227D);
INSERT INTO `om_process_record_hist` VALUES ('20190509202235398', '46', '20190509202234968', 'MB_PROD_DEFINE', '{\"EVENT_TYPE\":\"DEBT_1\",\"PROD_TYPE\":\"1\",\"ASSEMBLE_ID\":\"CHECK_ACCT_STATUS_PA\",\"ASSEMBLE_TYPE\":\"PART\",\"ATTR_KEY\":\"CHECK_ACCT_STATUS\"}', 'I', 0x7B2270726F6454797065223A2231222C226576656E7454797065223A22444542545F31222C22617373656D626C6554797065223A2250415254222C22617373656D626C654964223A22434845434B5F414343545F5354415455535F5041222C22617474724B6579223A22434845434B5F414343545F535441545553222C226174747256616C7565223A2259222C22737461747573223A2241222C2270616765436F6465223A2244454254222C22706167655365714E6F223A332C226F7074696F6E5065726D697373696F6E73223A2245227D, 0x7B2270726F6454797065223A2231222C226576656E7454797065223A22444542545F31227D);
INSERT INTO `om_process_record_hist` VALUES ('20190509202235398', '47', '20190509202234968', 'MB_PROD_DEFINE', '{\"EVENT_TYPE\":\"DEBT_1\",\"PROD_TYPE\":\"1\",\"ASSEMBLE_ID\":\"CHECK_RESTRAINT\",\"ASSEMBLE_TYPE\":\"PART\",\"ATTR_KEY\":\"CHECK_RESTRAINT\"}', 'I', 0x7B2270726F6454797065223A2231222C226576656E7454797065223A22444542545F31222C22617373656D626C6554797065223A2250415254222C22617373656D626C654964223A22434845434B5F524553545241494E54222C22617474724B6579223A22434845434B5F524553545241494E54222C226174747256616C7565223A2259222C22737461747573223A2241222C2270616765436F6465223A2244454254222C22706167655365714E6F223A342C226F7074696F6E5065726D697373696F6E73223A2245227D, 0x7B2270726F6454797065223A2231222C226576656E7454797065223A22444542545F31227D);
INSERT INTO `om_process_record_hist` VALUES ('20190509202235398', '48', '20190509202234968', 'MB_PROD_DEFINE', '{\"EVENT_TYPE\":\"DEBT_1\",\"PROD_TYPE\":\"1\",\"ASSEMBLE_ID\":\"DRA_DEP_PA\",\"ASSEMBLE_TYPE\":\"PART\",\"ATTR_KEY\":\"ALL_DEP_FLAG\"}', 'I', 0x7B2270726F6454797065223A2231222C226576656E7454797065223A22444542545F31222C22617373656D626C6554797065223A2250415254222C22617373656D626C654964223A224452415F4445505F5041222C22617474724B6579223A22414C4C5F4445505F464C4147222C226174747256616C7565223A224E222C22737461747573223A2241222C2270616765436F6465223A2244454254222C22706167655365714E6F223A352C226F7074696F6E5065726D697373696F6E73223A2245227D, 0x7B2270726F6454797065223A2231222C226576656E7454797065223A22444542545F31227D);
INSERT INTO `om_process_record_hist` VALUES ('20190509202235398', '49', '20190509202234968', 'MB_PROD_DEFINE', '{\"EVENT_TYPE\":\"DEBT_1\",\"PROD_TYPE\":\"1\",\"ASSEMBLE_ID\":\"DRA_DEP_PA\",\"ASSEMBLE_TYPE\":\"PART\",\"ATTR_KEY\":\"ALL_DRA_FLAG\"}', 'I', 0x7B2270726F6454797065223A2231222C226576656E7454797065223A22444542545F31222C22617373656D626C6554797065223A2250415254222C22617373656D626C654964223A224452415F4445505F5041222C22617474724B6579223A22414C4C5F4452415F464C4147222C226174747256616C7565223A2259222C22737461747573223A2241222C2270616765436F6465223A2244454254222C22706167655365714E6F223A352C226F7074696F6E5065726D697373696F6E73223A2245227D, 0x7B2270726F6454797065223A2231222C226576656E7454797065223A22444542545F31227D);
INSERT INTO `om_process_record_hist` VALUES ('20190509202235398', '50', '20190509202234968', 'MB_PROD_DEFINE', '{\"EVENT_TYPE\":\"DEBT_1\",\"PROD_TYPE\":\"1\",\"ASSEMBLE_ID\":\"CHECK_WDRAWN_TYPE\",\"ASSEMBLE_TYPE\":\"PART\",\"ATTR_KEY\":\"CHECK_WDRAWN_TYPE\"}', 'I', 0x7B2270726F6454797065223A2231222C226576656E7454797065223A22444542545F31222C22617373656D626C6554797065223A2250415254222C22617373656D626C654964223A22434845434B5F57445241574E5F54595045222C22617474724B6579223A22434845434B5F57445241574E5F54595045222C226174747256616C7565223A2259222C22737461747573223A2241222C2270616765436F6465223A2244454254222C22706167655365714E6F223A352C226F7074696F6E5065726D697373696F6E73223A2245227D, 0x7B2270726F6454797065223A2231222C226576656E7454797065223A22444542545F31227D);
INSERT INTO `om_process_record_hist` VALUES ('20190509202235398', '51', '20190509202234968', 'MB_PROD_DEFINE', '{\"EVENT_TYPE\":\"OPEN_1\",\"PROD_TYPE\":\"1\",\"ASSEMBLE_ID\":\"PROD_DATE_PA\",\"ASSEMBLE_TYPE\":\"PART\",\"ATTR_KEY\":\"PROD_END_DATE\"}', 'I', 0x7B2270726F6454797065223A2231222C226576656E7454797065223A224F50454E5F31222C22617373656D626C6554797065223A2250415254222C22617373656D626C654964223A2250524F445F444154455F5041222C22617474724B6579223A2250524F445F454E445F44415445222C226174747256616C7565223A223239393931323331222C22737461747573223A2241222C2270616765436F6465223A224F50454E222C22706167655365714E6F223A312C226F7074696F6E5065726D697373696F6E73223A2245227D, 0x7B2270726F6454797065223A2231222C226576656E7454797065223A224F50454E5F31227D);
INSERT INTO `om_process_record_hist` VALUES ('20190509202235398', '52', '20190509202234968', 'MB_PROD_DEFINE', '{\"EVENT_TYPE\":\"OPEN_1\",\"PROD_TYPE\":\"1\",\"ASSEMBLE_ID\":\"BAL_PA\",\"ASSEMBLE_TYPE\":\"PART\",\"ATTR_KEY\":\"BAL_TYPE\"}', 'I', 0x7B2270726F6454797065223A2231222C226576656E7454797065223A224F50454E5F31222C22617373656D626C6554797065223A2250415254222C22617373656D626C654964223A2242414C5F5041222C22617474724B6579223A2242414C5F54595045222C226174747256616C7565223A224341222C22737461747573223A2241222C2270616765436F6465223A224F50454E222C22706167655365714E6F223A322C226F7074696F6E5065726D697373696F6E73223A2245227D, 0x7B2270726F6454797065223A2231222C226576656E7454797065223A224F50454E5F31227D);
INSERT INTO `om_process_record_hist` VALUES ('20190509202235398', '53', '20190509202234968', 'MB_PROD_DEFINE', '{\"EVENT_TYPE\":\"OPEN_1\",\"PROD_TYPE\":\"1\",\"ASSEMBLE_ID\":\"CHECK_COMM_PA\",\"ASSEMBLE_TYPE\":\"PART\",\"ATTR_KEY\":\"CHECK_CCY\"}', 'I', 0x7B2270726F6454797065223A2231222C226576656E7454797065223A224F50454E5F31222C22617373656D626C6554797065223A2250415254222C22617373656D626C654964223A22434845434B5F434F4D4D5F5041222C22617474724B6579223A22434845434B5F434359222C226174747256616C7565223A2259222C22737461747573223A2241222C2270616765436F6465223A224F50454E222C22706167655365714E6F223A332C226F7074696F6E5065726D697373696F6E73223A2245227D, 0x7B2270726F6454797065223A2231222C226576656E7454797065223A224F50454E5F31227D);
INSERT INTO `om_process_record_hist` VALUES ('20190509202235398', '54', '20190509202234968', 'MB_PROD_DEFINE', '{\"EVENT_TYPE\":\"OPEN_1\",\"PROD_TYPE\":\"1\",\"ASSEMBLE_ID\":\"BAL_PA\",\"ASSEMBLE_TYPE\":\"PART\",\"ATTR_KEY\":\"MULTI_BAL_TYPE\"}', 'I', 0x7B2270726F6454797065223A2231222C226576656E7454797065223A224F50454E5F31222C22617373656D626C6554797065223A2250415254222C22617373656D626C654964223A2242414C5F5041222C22617474724B6579223A224D554C54495F42414C5F54595045222C226174747256616C7565223A224E222C22737461747573223A2241222C2270616765436F6465223A224F50454E222C22706167655365714E6F223A342C226F7074696F6E5065726D697373696F6E73223A2245227D, 0x7B2270726F6454797065223A2231222C226576656E7454797065223A224F50454E5F31227D);
INSERT INTO `om_process_record_hist` VALUES ('20190509202235398', '55', '20190509202234968', 'MB_PROD_DEFINE', '{\"EVENT_TYPE\":\"OPEN_1\",\"PROD_TYPE\":\"1\",\"ASSEMBLE_ID\":\"CHECK_COMM_PA\",\"ASSEMBLE_TYPE\":\"PART\",\"ATTR_KEY\":\"CHECK_PROD_DATE\"}', 'I', 0x7B2270726F6454797065223A2231222C226576656E7454797065223A224F50454E5F31222C22617373656D626C6554797065223A2250415254222C22617373656D626C654964223A22434845434B5F434F4D4D5F5041222C22617474724B6579223A22434845434B5F50524F445F44415445222C226174747256616C7565223A2259222C22737461747573223A2241222C2270616765436F6465223A224F50454E222C22706167655365714E6F223A352C226F7074696F6E5065726D697373696F6E73223A2245227D, 0x7B2270726F6454797065223A2231222C226576656E7454797065223A224F50454E5F31227D);
INSERT INTO `om_process_record_hist` VALUES ('20190509202235398', '56', '20190509202234968', 'MB_PROD_DEFINE', '{\"EVENT_TYPE\":\"OPEN_1\",\"PROD_TYPE\":\"1\",\"ASSEMBLE_ID\":\"CLIENT_PA\",\"ASSEMBLE_TYPE\":\"PART\",\"ATTR_KEY\":\"INLAND_OFFSHORE\"}', 'I', 0x7B2270726F6454797065223A2231222C226576656E7454797065223A224F50454E5F31222C22617373656D626C6554797065223A2250415254222C22617373656D626C654964223A22434C49454E545F5041222C22617474724B6579223A22494E4C414E445F4F464653484F5245222C226174747256616C7565223A2249222C22737461747573223A2241222C2270616765436F6465223A224F50454E222C22706167655365714E6F223A362C226F7074696F6E5065726D697373696F6E73223A2245227D, 0x7B2270726F6454797065223A2231222C226576656E7454797065223A224F50454E5F31227D);
INSERT INTO `om_process_record_hist` VALUES ('20190509202235398', '57', '20190509202234968', 'MB_PROD_DEFINE', '{\"EVENT_TYPE\":\"OPEN_1\",\"PROD_TYPE\":\"1\",\"ASSEMBLE_ID\":\"CHECK_ACCT_NATURE\",\"ASSEMBLE_TYPE\":\"PART\",\"ATTR_KEY\":\"CHECK_ACCT_NATURE\"}', 'I', 0x7B2270726F6454797065223A2231222C226576656E7454797065223A224F50454E5F31222C22617373656D626C6554797065223A2250415254222C22617373656D626C654964223A22434845434B5F414343545F4E4154555245222C22617474724B6579223A22434845434B5F414343545F4E4154555245222C226174747256616C7565223A2259222C22737461747573223A2241222C2270616765436F6465223A224F50454E222C22706167655365714E6F223A372C226F7074696F6E5065726D697373696F6E73223A2245227D, 0x7B2270726F6454797065223A2231222C226576656E7454797065223A224F50454E5F31227D);
INSERT INTO `om_process_record_hist` VALUES ('20190509202235398', '58', '20190509202234968', 'MB_PROD_DEFINE', '{\"EVENT_TYPE\":\"OPEN_1\",\"PROD_TYPE\":\"1\",\"ASSEMBLE_ID\":\"CHECK_COMM_PA\",\"ASSEMBLE_TYPE\":\"PART\",\"ATTR_KEY\":\"CHECK_PROD_STATUS\"}', 'I', 0x7B2270726F6454797065223A2231222C226576656E7454797065223A224F50454E5F31222C22617373656D626C6554797065223A2250415254222C22617373656D626C654964223A22434845434B5F434F4D4D5F5041222C22617474724B6579223A22434845434B5F50524F445F535441545553222C226174747256616C7565223A2259222C22737461747573223A2241222C2270616765436F6465223A224F50454E222C22706167655365714E6F223A382C226F7074696F6E5065726D697373696F6E73223A2245227D, 0x7B2270726F6454797065223A2231222C226576656E7454797065223A224F50454E5F31227D);
INSERT INTO `om_process_record_hist` VALUES ('20190509202235398', '59', '20190509202234968', 'MB_PROD_DEFINE', '{\"EVENT_TYPE\":\"OPEN_1\",\"PROD_TYPE\":\"1\",\"ASSEMBLE_ID\":\"CHECK_COMM_PA\",\"ASSEMBLE_TYPE\":\"PART\",\"ATTR_KEY\":\"CHECK_ACCT_CLASS\"}', 'I', 0x7B2270726F6454797065223A2231222C226576656E7454797065223A224F50454E5F31222C22617373656D626C6554797065223A2250415254222C22617373656D626C654964223A22434845434B5F434F4D4D5F5041222C22617474724B6579223A22434845434B5F414343545F434C415353222C226174747256616C7565223A224E222C22737461747573223A2241222C2270616765436F6465223A224F50454E222C22706167655365714E6F223A392C226F7074696F6E5065726D697373696F6E73223A2245227D, 0x7B2270726F6454797065223A2231222C226576656E7454797065223A224F50454E5F31227D);
INSERT INTO `om_process_record_hist` VALUES ('20190509202235398', '60', '20190509202234968', 'MB_PROD_DEFINE', '{\"EVENT_TYPE\":\"OPEN_1\",\"PROD_TYPE\":\"1\",\"ASSEMBLE_ID\":\"CLIENT_PA\",\"ASSEMBLE_TYPE\":\"PART\",\"ATTR_KEY\":\"CLIENT_TYPE\"}', 'I', 0x7B2270726F6454797065223A2231222C226576656E7454797065223A224F50454E5F31222C22617373656D626C6554797065223A2250415254222C22617373656D626C654964223A22434C49454E545F5041222C22617474724B6579223A22434C49454E545F54595045222C226174747256616C7565223A223130222C22737461747573223A2241222C2270616765436F6465223A224F50454E222C22706167655365714E6F223A31302C226F7074696F6E5065726D697373696F6E73223A2245227D, 0x7B2270726F6454797065223A2231222C226576656E7454797065223A224F50454E5F31227D);
INSERT INTO `om_process_record_hist` VALUES ('20190509202235398', '61', '20190509202234968', 'MB_PROD_DEFINE', '{\"EVENT_TYPE\":\"OPEN_1\",\"PROD_TYPE\":\"1\",\"ASSEMBLE_ID\":\"PROD_DATE_PA\",\"ASSEMBLE_TYPE\":\"PART\",\"ATTR_KEY\":\"PROD_START_DATE\"}', 'I', 0x7B2270726F6454797065223A2231222C226576656E7454797065223A224F50454E5F31222C22617373656D626C6554797065223A2250415254222C22617373656D626C654964223A2250524F445F444154455F5041222C22617474724B6579223A2250524F445F53544152545F44415445222C226174747256616C7565223A223230303030313031222C22737461747573223A2241222C2270616765436F6465223A224F50454E222C22706167655365714E6F223A31322C226F7074696F6E5065726D697373696F6E73223A2245227D, 0x7B2270726F6454797065223A2231222C226576656E7454797065223A224F50454E5F31227D);
INSERT INTO `om_process_record_hist` VALUES ('20190509202235398', '62', '20190509202234968', 'MB_PROD_DEFINE', '{\"EVENT_TYPE\":\"OPEN_1\",\"PROD_TYPE\":\"1\",\"ASSEMBLE_ID\":\"DOC_PA\",\"ASSEMBLE_TYPE\":\"PART\",\"ATTR_KEY\":\"DOC_TYPE\"}', 'I', 0x7B2270726F6454797065223A2231222C226576656E7454797065223A224F50454E5F31222C22617373656D626C6554797065223A2250415254222C22617373656D626C654964223A22444F435F5041222C22617474724B6579223A22444F435F54595045222C226174747256616C7565223A22303031222C22737461747573223A2241222C2270616765436F6465223A224F50454E222C22706167655365714E6F223A31332C226F7074696F6E5065726D697373696F6E73223A2245227D, 0x7B2270726F6454797065223A2231222C226576656E7454797065223A224F50454E5F31227D);
INSERT INTO `om_process_record_hist` VALUES ('20190509202235398', '63', '20190509202234968', 'MB_PROD_DEFINE', '{\"EVENT_TYPE\":\"OPEN_1\",\"PROD_TYPE\":\"1\",\"ASSEMBLE_ID\":\"DOC_PA\",\"ASSEMBLE_TYPE\":\"PART\",\"ATTR_KEY\":\"DOC_FLAG\"}', 'I', 0x7B2270726F6454797065223A2231222C226576656E7454797065223A224F50454E5F31222C22617373656D626C6554797065223A2250415254222C22617373656D626C654964223A22444F435F5041222C22617474724B6579223A22444F435F464C4147222C226174747256616C7565223A2259222C22737461747573223A2241222C2270616765436F6465223A224F50454E222C22706167655365714E6F223A31342C226F7074696F6E5065726D697373696F6E73223A2245227D, 0x7B2270726F6454797065223A2231222C226576656E7454797065223A224F50454E5F31227D);
INSERT INTO `om_process_record_hist` VALUES ('20190509202235398', '64', '20190509202234968', 'MB_PROD_DEFINE', '{\"EVENT_TYPE\":\"OPEN_1\",\"PROD_TYPE\":\"1\",\"ASSEMBLE_ID\":\"CLIENT_PA\",\"ASSEMBLE_TYPE\":\"PART\",\"ATTR_KEY\":\"CLIENT_IND\"}', 'I', 0x7B2270726F6454797065223A2231222C226576656E7454797065223A224F50454E5F31222C22617373656D626C6554797065223A2250415254222C22617373656D626C654964223A22434C49454E545F5041222C22617474724B6579223A22434C49454E545F494E44222C226174747256616C7565223A224E2C532C56222C22737461747573223A2241222C2270616765436F6465223A224F50454E222C22706167655365714E6F223A31352C226F7074696F6E5065726D697373696F6E73223A2245227D, 0x7B2270726F6454797065223A2231222C226576656E7454797065223A224F50454E5F31227D);
INSERT INTO `om_process_record_hist` VALUES ('20190509202235867', '1', '20190509202234968', 'GL_PROD_CODE_MAPPING', '{\"STATUS\":\"ZHC\",\"AMT_TYPE\":\"INT\",\"PROD_TYPE\":\"1\"}', 'I', 0x7B2270726F6454797065223A2231222C22737461747573223A225A4843222C22616D7454797065223A22494E54222C22676C436F6465436F6C223A22474C5F434F44455F494E545F504159227D, 0x7B2270726F6454797065223A2231227D);
INSERT INTO `om_process_record_hist` VALUES ('20190509202235867', '2', '20190509202234968', 'GL_PROD_CODE_MAPPING', '{\"STATUS\":\"ZHC\",\"AMT_TYPE\":\"PRI\",\"PROD_TYPE\":\"1\"}', 'I', 0x7B2270726F6454797065223A2231222C22737461747573223A225A4843222C22616D7454797065223A22505249222C22676C436F6465436F6C223A22474C5F434F44455F4C227D, 0x7B2270726F6454797065223A2231227D);
INSERT INTO `om_process_record_hist` VALUES ('20190509202235880', '1', '20190509202234968', 'GL_PROD_MAPPING', '{\"MAPPING_TYPE\":\"1\",\"PROD_TYPE\":\"1\"}', 'I', 0x7B226D617070696E6754797065223A2231222C2270726F6454797065223A2231222C226D617070696E6744657363223A2231222C2270726F6444657363223A2231227D, 0x7B2270726F6454797065223A2231227D);
INSERT INTO `om_process_record_hist` VALUES ('20190509202235888', '1', '20190509202234968', 'IRL_PROD_TYPE', '{\"PROD_TYPE\":\"1\"}', 'I', 0x7B2270726F6454797065223A2231222C2270726F645479706544657363223A2231222C2270726F64477270223A225242222C22676C4D6572676554797065223A224E222C22636F6D70616E79223A224443495453227D, 0x7B2270726F6454797065223A2231227D);
INSERT INTO `om_process_record_hist` VALUES ('20190509202235897', '1', '20190509202234968', 'IRL_PROD_INT', '{\"SPLIT_ID\":\"PHQI\",\"INT_CLASS\":\"INT\",\"EVENT_TYPE\":\"ACR\",\"PROD_TYPE\":\"1\",\"RULEID\":\"NO\"}', 'I', 0x7B2270726F6454797065223A2231222C226576656E7454797065223A22414352222C22696E7454797065223A22485149222C22696E74436C617373223A22494E54222C2272617465416D744964223A22323030222C22696E74416D744964223A22323030222C22726563616C4D6574686F64223A224E222C22696E745374617274223A224F222C22696E744461797354797065223A2242222C22696E7443616C6342616C223A224142222C22696E744170706C54797065223A2241222C226D6F6E74684261736973223A22414354222C2267726F757052756C6554797065223A223032222C2273706C69744964223A2250485149222C2273706C697454797065223A225041222C2272756C656964223A224E4F222C226163637452617465456666656374223A224E227D, 0x7B2270726F6454797065223A2231222C226576656E7454797065223A22414352227D);
INSERT INTO `om_process_record_hist` VALUES ('20190509202235897', '2', '20190509202234968', 'IRL_PROD_INT', '{\"SPLIT_ID\":\"PHQI\",\"INT_CLASS\":\"INT\",\"EVENT_TYPE\":\"CLOSE\",\"PROD_TYPE\":\"1\",\"RULEID\":\"NO\"}', 'I', 0x7B2270726F6454797065223A2231222C226576656E7454797065223A22434C4F5345222C22696E7454797065223A22485149222C22696E74436C617373223A22494E54222C2272617465416D744964223A22323030222C22696E74416D744964223A22353032222C22726563616C4D6574686F64223A2249222C22696E745374617274223A224F222C22696E744461797354797065223A2242222C22696E7443616C6342616C223A224142222C22696E744170706C54797065223A2241222C226D6F6E74684261736973223A22414354222C2267726F757052756C6554797065223A223032222C2273706C69744964223A2250485149222C2273706C697454797065223A225041222C2272756C656964223A224E4F222C226163637452617465456666656374223A224E227D, 0x7B2270726F6454797065223A2231222C226576656E7454797065223A22434C4F5345227D);
INSERT INTO `om_process_record_hist` VALUES ('20190509202235897', '3', '20190509202234968', 'IRL_PROD_INT', '{\"SPLIT_ID\":\"PHQI\",\"INT_CLASS\":\"INT\",\"EVENT_TYPE\":\"OPEN\",\"PROD_TYPE\":\"1\",\"RULEID\":\"NO\"}', 'I', 0x7B2270726F6454797065223A2231222C226576656E7454797065223A224F50454E222C22696E7454797065223A22485149222C22696E74436C617373223A22494E54222C2272617465416D744964223A22323030222C22696E74416D744964223A22353032222C22726563616C4D6574686F64223A224E222C22696E745374617274223A224F222C22696E744461797354797065223A2242222C22696E7443616C6342616C223A224142222C22696E744170706C54797065223A2246222C226D6F6E74684261736973223A22414354222C2267726F757052756C6554797065223A223032222C2273706C69744964223A2250485149222C2273706C697454797065223A225041222C2272756C656964223A224E4F222C226163637452617465456666656374223A224E227D, 0x7B2270726F6454797065223A2231222C226576656E7454797065223A224F50454E227D);
INSERT INTO `om_process_record_hist` VALUES ('20190509205158674', '1', '20190509202234968', 'MB_PROD_TYPE', '{\"PROD_TYPE\":\"RB101\"}', 'U', 0x7B2270726F6454797065223A225242313031222C2270726F6444657363223A22E4B8AAE4BABAE4BABAE6B091E5B881E6B4BBE69C9FE59FBAE7A180E4BAA7E59381222C2270726F6441626272223A22E4B8AAE4BABAE4BABAE6B091E5B881E6B4BBE69C9F222C2270726F64436C617373223A22524242415345222C2270726F6447726F7570223A224E222C2270726F6452616E6765223A2242222C22737461747573223A2243222C22736F757263654D6F64756C65223A225242227D, 0x7B2270726F6454797065223A225242313031222C2270726F6444657363223A22E4B8AAE4BABAE4BABAE6B091E5B881E6B4BBE69C9FE59FBAE7A180E4BAA7E59381222C2270726F6441626272223A22E4B8AAE4BABAE4BABAE6B091E5B881E6B4BBE69C9F222C2270726F64436C617373223A22524242415345222C2270726F6447726F7570223A224E222C2270726F6452616E6765223A2242222C22737461747573223A2243222C22736F757263654D6F64756C65223A225242227D);
INSERT INTO `om_process_record_hist` VALUES ('20190509205158684', '1', '20190509202234968', 'MB_PROD_DEFINE', '{\"EVENT_TYPE\":\"BASE_RB101\",\"PROD_TYPE\":\"RB101\",\"ASSEMBLE_ID\":\"AMT_CALC_TYPE\",\"ASSEMBLE_TYPE\":\"ATTR\",\"ATTR_KEY\":\"AMT_CALC_TYPE\"}', 'I', 0x7B2270726F6454797065223A225242313031222C226576656E7454797065223A22424153455F5242313031222C22617373656D626C6554797065223A2241545452222C22617373656D626C654964223A22414D545F43414C435F54595045222C22617474724B6579223A22414D545F43414C435F54595045222C226174747256616C7565223A22222C22737461747573223A2241222C2270616765436F6465223A224359434C45222C22706167655365714E6F223A312C226F7074696F6E5065726D697373696F6E73223A2245227D, 0x7B2270726F6454797065223A225242313031222C226576656E7454797065223A22424153455F5242313031227D);
INSERT INTO `om_process_record_hist` VALUES ('20190511122432790', '1', '20190511122432662', 'CIF_CLIENT_TYPE', '{\"CLIENT_TYPE\":\"20\"}', 'D', 0x7B7D, 0x7B22434C49454E545F54595045223A223230222C225452414E5F54494D455354414D50223A22222C2249535F494E444956494455414C223A224E222C22434C49454E545F545950455F44455343223A22E585ACE58FB8222C22434F4D50414E59223A224443495453227D);
INSERT INTO `om_process_record_hist` VALUES ('20190511122432790', '2', '20190511122432662', 'CIF_CLIENT_TYPE', '{\"CLIENT_TYPE\":\"30\"}', 'D', 0x7B7D, 0x7B22434C49454E545F54595045223A223330222C225452414E5F54494D455354414D50223A22222C2249535F494E444956494455414C223A224E222C22434C49454E545F545950455F44455343223A22E5908CE4B89A222C22434F4D50414E59223A224443495453227D);

-- ----------------------------
-- Table structure for om_process_relation_hist
-- ----------------------------
DROP TABLE IF EXISTS `om_process_relation_hist`;
CREATE TABLE `om_process_relation_hist` (
  `main_seq_no` varchar(30) NOT NULL COMMENT '主交易号',
  `dtl_seq_no` int(5) NOT NULL COMMENT '当前操作历史序号',
  `rec_seq_no` varchar(20) NOT NULL COMMENT '当前操作记录序号',
  `tran_id` varchar(100) NOT NULL COMMENT '参数表全名:系统名_表名',
  `tran_type` varchar(1) DEFAULT NULL,
  `tran_name` varchar(100) DEFAULT NULL,
  PRIMARY KEY (`main_seq_no`,`dtl_seq_no`,`rec_seq_no`)
) ENGINE=InnoDB DEFAULT CHARSET=utf8 COMMENT='参数操作历史与记录关系表';

-- ----------------------------
-- Records of om_process_relation_hist
-- ----------------------------
INSERT INTO `om_process_relation_hist` VALUES ('20190509202234968', '1', '20190509202235362', 'MB_PROD_TYPE', '0', '1');
INSERT INTO `om_process_relation_hist` VALUES ('20190509202234968', '1', '20190509202235398', 'MB_PROD_TYPE', '0', '1');
INSERT INTO `om_process_relation_hist` VALUES ('20190509202234968', '1', '20190509202235867', 'MB_PROD_TYPE', '0', '1');
INSERT INTO `om_process_relation_hist` VALUES ('20190509202234968', '1', '20190509202235880', 'MB_PROD_TYPE', '0', '1');
INSERT INTO `om_process_relation_hist` VALUES ('20190509202234968', '1', '20190509202235888', 'MB_PROD_TYPE', '0', '1');
INSERT INTO `om_process_relation_hist` VALUES ('20190509202234968', '1', '20190509202235897', 'MB_PROD_TYPE', '0', '1');
INSERT INTO `om_process_relation_hist` VALUES ('20190509202234968', '1', '20190509205158674', 'MB_PROD_TYPE', '0', '个人人民币活期基础产品');
INSERT INTO `om_process_relation_hist` VALUES ('20190509202234968', '1', '20190509205158684', 'MB_PROD_TYPE', '0', '个人人民币活期基础产品');
INSERT INTO `om_process_relation_hist` VALUES ('20190511122432662', '1', '20190511122432790', 'CIF_CLIENT_TYPE', '1', null);

-- ----------------------------
-- Table structure for om_prod_page_define
-- ----------------------------
DROP TABLE IF EXISTS `om_prod_page_define`;
CREATE TABLE `om_prod_page_define` (
  `PAGE_CLASS` varchar(30) NOT NULL COMMENT '页签分类',
  `PAGE_CLASS_DESC` varchar(50) NOT NULL COMMENT '页签分类描述',
  `PAGE_CODE` varchar(10) NOT NULL COMMENT '页签key',
  `PAGE_DESC` varchar(50) NOT NULL COMMENT '页签描述',
  `REMARKS` varchar(200) DEFAULT NULL COMMENT '备注信息',
  `PAGE_NUM` int(5) DEFAULT NULL COMMENT '标签位置',
  PRIMARY KEY (`PAGE_CLASS`,`PAGE_CODE`) USING BTREE
) ENGINE=InnoDB DEFAULT CHARSET=utf8 ROW_FORMAT=COMPACT COMMENT='页签信息定义表';

-- ----------------------------
-- Records of om_prod_page_define
-- ----------------------------
INSERT INTO `om_prod_page_define` VALUES ('CLGROUPPROD', '贷款组合产品', 'ACCT', '账户信息', null, '3');
INSERT INTO `om_prod_page_define` VALUES ('CLGROUPPROD', '贷款组合产品', 'AMEND', '变更信息', null, '14');
INSERT INTO `om_prod_page_define` VALUES ('CLGROUPPROD', '贷款组合产品', 'APPLY', '适用范围', null, '4');
INSERT INTO `om_prod_page_define` VALUES ('CLGROUPPROD', '贷款组合产品', 'BASE', '产品信息', null, '2');
INSERT INTO `om_prod_page_define` VALUES ('CLGROUPPROD', '贷款组合产品', 'CLACCOUNTI', '核算信息', null, '15');
INSERT INTO `om_prod_page_define` VALUES ('CLGROUPPROD', '贷款组合产品', 'CONTROL', '控制信息', null, '5');
INSERT INTO `om_prod_page_define` VALUES ('CLGROUPPROD', '贷款组合产品', 'DESC', '基本描述', null, '1');
INSERT INTO `om_prod_page_define` VALUES ('CLGROUPPROD', '贷款组合产品', 'DISC', '贴息定义', '', '10');
INSERT INTO `om_prod_page_define` VALUES ('CLGROUPPROD', '贷款组合产品', 'DRW', '放款定义', null, '9');
INSERT INTO `om_prod_page_define` VALUES ('CLGROUPPROD', '贷款组合产品', 'DUE', '到期定义', null, '12');
INSERT INTO `om_prod_page_define` VALUES ('CLGROUPPROD', '贷款组合产品', 'GROUP', '关联产品', null, '6');
INSERT INTO `om_prod_page_define` VALUES ('CLGROUPPROD', '贷款组合产品', 'INT', '利息信息', null, '7');
INSERT INTO `om_prod_page_define` VALUES ('CLGROUPPROD', '贷款组合产品', 'OPEN', '开户定义', null, '8');
INSERT INTO `om_prod_page_define` VALUES ('CLGROUPPROD', '贷款组合产品', 'RATEINFO', '利率信息', null, '13');
INSERT INTO `om_prod_page_define` VALUES ('CLGROUPPROD', '贷款组合产品', 'REC', '还款定义', null, '11');
INSERT INTO `om_prod_page_define` VALUES ('CLPRODPUBLISH', '贷款非组合产品', 'ACCT', '账户信息', null, '3');
INSERT INTO `om_prod_page_define` VALUES ('CLPRODPUBLISH', '贷款非组合产品', 'AMEND', '变更信息', null, '13');
INSERT INTO `om_prod_page_define` VALUES ('CLPRODPUBLISH', '贷款非组合产品', 'APPLY', '适用范围', null, '4');
INSERT INTO `om_prod_page_define` VALUES ('CLPRODPUBLISH', '贷款非组合产品', 'BASE', '产品信息', null, '2');
INSERT INTO `om_prod_page_define` VALUES ('CLPRODPUBLISH', '贷款非组合产品', 'CLACCOUNTI', '核算信息', null, '14');
INSERT INTO `om_prod_page_define` VALUES ('CLPRODPUBLISH', '贷款非组合产品', 'CONTROL', '控制信息', null, '5');
INSERT INTO `om_prod_page_define` VALUES ('CLPRODPUBLISH', '贷款非组合产品', 'DESC', '基本描述', null, '1');
INSERT INTO `om_prod_page_define` VALUES ('CLPRODPUBLISH', '贷款非组合产品', 'DISC', '贴息定义', '', '9');
INSERT INTO `om_prod_page_define` VALUES ('CLPRODPUBLISH', '贷款非组合产品', 'DRW', '放款定义', null, '8');
INSERT INTO `om_prod_page_define` VALUES ('CLPRODPUBLISH', '贷款非组合产品', 'DUE', '到期定义', null, '11');
INSERT INTO `om_prod_page_define` VALUES ('CLPRODPUBLISH', '贷款非组合产品', 'INT', '利息信息', null, '6');
INSERT INTO `om_prod_page_define` VALUES ('CLPRODPUBLISH', '贷款非组合产品', 'OPEN', '开户定义', null, '7');
INSERT INTO `om_prod_page_define` VALUES ('CLPRODPUBLISH', '贷款非组合产品', 'RATEINFO', '利率信息', null, '12');
INSERT INTO `om_prod_page_define` VALUES ('CLPRODPUBLISH', '贷款非组合产品', 'REC', '还款定义', null, '10');
INSERT INTO `om_prod_page_define` VALUES ('GLPRODPUBLISH', '内部账产品', 'ACCOUNTING', '核算信息', null, '11');
INSERT INTO `om_prod_page_define` VALUES ('GLPRODPUBLISH', '内部账产品', 'APPLY', '适用范围', null, '4');
INSERT INTO `om_prod_page_define` VALUES ('GLPRODPUBLISH', '内部账产品', 'BASE', '产品信息', null, '2');
INSERT INTO `om_prod_page_define` VALUES ('GLPRODPUBLISH', '内部账产品', 'CLOSE', '销户定义', null, '7');
INSERT INTO `om_prod_page_define` VALUES ('GLPRODPUBLISH', '内部账产品', 'CONTROL', '控制信息', null, '3');
INSERT INTO `om_prod_page_define` VALUES ('GLPRODPUBLISH', '内部账产品', 'CRET', '贷记事件', null, '8');
INSERT INTO `om_prod_page_define` VALUES ('GLPRODPUBLISH', '内部账产品', 'DEBT', '借记事件', null, '9');
INSERT INTO `om_prod_page_define` VALUES ('GLPRODPUBLISH', '内部账产品', 'DESC', '基本描述', null, '1');
INSERT INTO `om_prod_page_define` VALUES ('GLPRODPUBLISH', '内部账产品', 'INT', '利息信息', null, '5');
INSERT INTO `om_prod_page_define` VALUES ('GLPRODPUBLISH', '内部账产品', 'OPEN', '开户定义', null, '6');
INSERT INTO `om_prod_page_define` VALUES ('GLPRODPUBLISH', '内部账产品', 'RATEINFO', '利率信息', null, '10');
INSERT INTO `om_prod_page_define` VALUES ('RBPRODFIXED', '期次产品', 'ACCOUNTING', '核算信息', null, '12');
INSERT INTO `om_prod_page_define` VALUES ('RBPRODFIXED', '期次产品', 'APPLY', '适用范围', null, '4');
INSERT INTO `om_prod_page_define` VALUES ('RBPRODFIXED', '期次产品', 'BASE', '产品信息', null, '2');
INSERT INTO `om_prod_page_define` VALUES ('RBPRODFIXED', '期次产品', 'CHARGE', '收费定义', null, '10');
INSERT INTO `om_prod_page_define` VALUES ('RBPRODFIXED', '期次产品', 'CLOSE', '销户定义', null, '9');
INSERT INTO `om_prod_page_define` VALUES ('RBPRODFIXED', '期次产品', 'CONTROL', '控制信息', null, '3');
INSERT INTO `om_prod_page_define` VALUES ('RBPRODFIXED', '期次产品', 'CRET', '存入定义', null, '7');
INSERT INTO `om_prod_page_define` VALUES ('RBPRODFIXED', '期次产品', 'DEBT', '支取定义', null, '8');
INSERT INTO `om_prod_page_define` VALUES ('RBPRODFIXED', '期次产品', 'DESC', '基本描述', null, '1');
INSERT INTO `om_prod_page_define` VALUES ('RBPRODFIXED', '期次产品', 'INT', '利率信息', null, '5');
INSERT INTO `om_prod_page_define` VALUES ('RBPRODFIXED', '期次产品', 'OPEN', '开户定义', null, '6');
INSERT INTO `om_prod_page_define` VALUES ('RBPRODFIXED', '期次产品', 'RATEINFO', '利率信息', null, '11');
INSERT INTO `om_prod_page_define` VALUES ('RBPRODFIXED', '期次产品', 'STAGE', '期次信息', null, '13');
INSERT INTO `om_prod_page_define` VALUES ('RBPRODGROUP', '组合产品（一本通类）', 'APPLY', '适用范围', null, '4');
INSERT INTO `om_prod_page_define` VALUES ('RBPRODGROUP', '组合产品（一本通类）', 'BASE', '产品信息', null, '2');
INSERT INTO `om_prod_page_define` VALUES ('RBPRODGROUP', '组合产品（一本通类）', 'CLOSE', '销户定义', null, '7');
INSERT INTO `om_prod_page_define` VALUES ('RBPRODGROUP', '组合产品（一本通类）', 'CONTROL', '控制信息', null, '3');
INSERT INTO `om_prod_page_define` VALUES ('RBPRODGROUP', '组合产品（一本通类）', 'DESC', '基本描述', null, '1');
INSERT INTO `om_prod_page_define` VALUES ('RBPRODGROUP', '组合产品（一本通类）', 'GROUP', '关联产品', null, '5');
INSERT INTO `om_prod_page_define` VALUES ('RBPRODGROUP', '组合产品（一本通类）', 'OPEN', '开户定义', null, '6');
INSERT INTO `om_prod_page_define` VALUES ('RBPRODNOTT', '默认活期产品', 'ACCOUNTING', '核算信息', null, '13');
INSERT INTO `om_prod_page_define` VALUES ('RBPRODNOTT', '默认活期产品', 'APPLY', '适用范围', null, '3');
INSERT INTO `om_prod_page_define` VALUES ('RBPRODNOTT', '默认活期产品', 'BASE', '产品信息', null, '2');
INSERT INTO `om_prod_page_define` VALUES ('RBPRODNOTT', '默认活期产品', 'CHARGE', '收费定义', null, '11');
INSERT INTO `om_prod_page_define` VALUES ('RBPRODNOTT', '默认活期产品', 'CLOSE', '销户定义', null, '10');
INSERT INTO `om_prod_page_define` VALUES ('RBPRODNOTT', '默认活期产品', 'CONTROL', '控制信息', null, '4');
INSERT INTO `om_prod_page_define` VALUES ('RBPRODNOTT', '默认活期产品', 'CRET', '存入定义', null, '8');
INSERT INTO `om_prod_page_define` VALUES ('RBPRODNOTT', '默认活期产品', 'CYCLE', '结息定义', null, '14');
INSERT INTO `om_prod_page_define` VALUES ('RBPRODNOTT', '默认活期产品', 'DEBT', '支取定义', null, '9');
INSERT INTO `om_prod_page_define` VALUES ('RBPRODNOTT', '默认活期产品', 'DESC', '基本描述', null, '1');
INSERT INTO `om_prod_page_define` VALUES ('RBPRODNOTT', '默认活期产品', 'INT', '利息信息', null, '5');
INSERT INTO `om_prod_page_define` VALUES ('RBPRODNOTT', '默认活期产品', 'OPEN', '开户定义', null, '7');
INSERT INTO `om_prod_page_define` VALUES ('RBPRODNOTT', '默认活期产品', 'RATEINFO', '利率信息', null, '12');
INSERT INTO `om_prod_page_define` VALUES ('RBPRODNOTT', '默认活期产品', 'SHIFT', '形态转移', null, '6');
INSERT INTO `om_prod_page_define` VALUES ('RBPRODPCP', '协议存款（资金池）', 'APPLY', '适用范围', null, '3');
INSERT INTO `om_prod_page_define` VALUES ('RBPRODPCP', '协议存款（资金池）', 'BASE', '产品信息', null, '2');
INSERT INTO `om_prod_page_define` VALUES ('RBPRODPCP', '协议存款（资金池）', 'DESC', '基本描述', null, '1');
INSERT INTO `om_prod_page_define` VALUES ('RBPRODPCP', '协议存款（资金池）', 'LIMIT', '额度/限额', null, '7');
INSERT INTO `om_prod_page_define` VALUES ('RBPRODPCP', '协议存款（资金池）', 'PRICE', '定价信息', null, '6');
INSERT INTO `om_prod_page_define` VALUES ('RBPRODPCP', '协议存款（资金池）', 'PROD', '产品定义', null, '4');
INSERT INTO `om_prod_page_define` VALUES ('RBPRODPCP', '协议存款（资金池）', 'RULE', '规则定义', null, '5');
INSERT INTO `om_prod_page_define` VALUES ('RBPRODT', '定期产品', 'ACCOUNTING', '核算信息', null, '12');
INSERT INTO `om_prod_page_define` VALUES ('RBPRODT', '定期产品', 'APPLY', '适用范围', null, '3');
INSERT INTO `om_prod_page_define` VALUES ('RBPRODT', '定期产品', 'BASE', '产品信息', null, '2');
INSERT INTO `om_prod_page_define` VALUES ('RBPRODT', '定期产品', 'CHARGE', '收费定义', null, '10');
INSERT INTO `om_prod_page_define` VALUES ('RBPRODT', '定期产品', 'CLOSE', '销户定义', null, '9');
INSERT INTO `om_prod_page_define` VALUES ('RBPRODT', '定期产品', 'CONTROL', '控制信息', null, '4');
INSERT INTO `om_prod_page_define` VALUES ('RBPRODT', '定期产品', 'CRET', '存入定义', null, '7');
INSERT INTO `om_prod_page_define` VALUES ('RBPRODT', '定期产品', 'DEBT', '支取定义', null, '8');
INSERT INTO `om_prod_page_define` VALUES ('RBPRODT', '定期产品', 'DESC', '基本描述', null, '1');
INSERT INTO `om_prod_page_define` VALUES ('RBPRODT', '定期产品', 'INT', '利息信息', null, '5');
INSERT INTO `om_prod_page_define` VALUES ('RBPRODT', '定期产品', 'OPEN', '开户定义', null, '6');
INSERT INTO `om_prod_page_define` VALUES ('RBPRODT', '定期产品', 'RATEINFO', '利率信息', null, '11');
INSERT INTO `om_prod_page_define` VALUES ('RBPRODYHT', '协议产品（YHT一户通）', 'APPLY', '适用范围', null, '3');
INSERT INTO `om_prod_page_define` VALUES ('RBPRODYHT', '协议产品（YHT一户通）', 'BASE', '产品信息', null, '2');
INSERT INTO `om_prod_page_define` VALUES ('RBPRODYHT', '协议产品（YHT一户通）', 'CLOSE', '销户定义', null, '7');
INSERT INTO `om_prod_page_define` VALUES ('RBPRODYHT', '协议产品（YHT一户通）', 'CONTROL', '控制信息', null, '4');
INSERT INTO `om_prod_page_define` VALUES ('RBPRODYHT', '协议产品（YHT一户通）', 'DESC', '基本描述', null, '1');
INSERT INTO `om_prod_page_define` VALUES ('RBPRODYHT', '协议产品（YHT一户通）', 'INT', '利息信息', null, '5');
INSERT INTO `om_prod_page_define` VALUES ('RBPRODYHT', '协议产品（YHT一户通）', 'OPEN', '开户定义', null, '6');
INSERT INTO `om_prod_page_define` VALUES ('RBPRODZJZY', '协议存款（资金转移类）', 'APPLY', '适用范围', null, '3');
INSERT INTO `om_prod_page_define` VALUES ('RBPRODZJZY', '协议存款（资金转移类）', 'BASE', '产品信息', null, '2');
INSERT INTO `om_prod_page_define` VALUES ('RBPRODZJZY', '协议存款（资金转移类）', 'DESC', '基本描述', null, '1');
INSERT INTO `om_prod_page_define` VALUES ('RBPRODZJZY', '协议存款（资金转移类）', 'IN', '转回定义', null, '5');
INSERT INTO `om_prod_page_define` VALUES ('RBPRODZJZY', '协议存款（资金转移类）', 'OUT', '转出定义', null, '4');

-- ----------------------------
-- Table structure for om_prod_perm_def
-- ----------------------------
DROP TABLE IF EXISTS `om_prod_perm_def`;
CREATE TABLE `om_prod_perm_def` (
  `user_id` varchar(10) NOT NULL COMMENT '用户id',
  `model_type` varchar(30) NOT NULL COMMENT '操作模块',
  `base_prod_level` varchar(1) DEFAULT NULL COMMENT '基础产品权限等级',
  `sold_prod_level` varchar(1) DEFAULT NULL COMMENT '可售产品权限等级',
  PRIMARY KEY (`user_id`,`model_type`)
) ENGINE=InnoDB DEFAULT CHARSET=utf8 COMMENT='用户产品权限定义表';

-- ----------------------------
-- Records of om_prod_perm_def
-- ----------------------------
INSERT INTO `om_prod_perm_def` VALUES ('admin', 'CLBASE', '1', '1');
INSERT INTO `om_prod_perm_def` VALUES ('admin', 'GL100', '1', '1');
INSERT INTO `om_prod_perm_def` VALUES ('admin', 'GLBASE', '1', '1');
INSERT INTO `om_prod_perm_def` VALUES ('admin', 'RB002', '1', '1');
INSERT INTO `om_prod_perm_def` VALUES ('admin', 'RB100', '1', '1');
INSERT INTO `om_prod_perm_def` VALUES ('admin', 'RBBASE', '1', '1');

-- ----------------------------
-- Table structure for om_role
-- ----------------------------
DROP TABLE IF EXISTS `om_role`;
CREATE TABLE `om_role` (
  `role_id` varchar(10) NOT NULL COMMENT '角色id',
  `role_name` varchar(30) NOT NULL COMMENT '角色名称',
  `role_desc` varchar(100) NOT NULL COMMENT '备注',
  `role_level` varchar(100) DEFAULT NULL,
  PRIMARY KEY (`role_id`)
) ENGINE=InnoDB DEFAULT CHARSET=utf8 COMMENT='角色信息定义表';

-- ----------------------------
-- Records of om_role
-- ----------------------------
INSERT INTO `om_role` VALUES ('1', '1', '系统管理员', '1');
INSERT INTO `om_role` VALUES ('2', '2', '参数管理员', '2');
INSERT INTO `om_role` VALUES ('3', '3', '产品工厂管理员', '2');
INSERT INTO `om_role` VALUES ('4', '4', '角色1', '3');
INSERT INTO `om_role` VALUES ('5', '5', '角色2', '3');
INSERT INTO `om_role` VALUES ('6', '6', '角色3', '3');

-- ----------------------------
-- Table structure for om_system_org
-- ----------------------------
DROP TABLE IF EXISTS `om_system_org`;
CREATE TABLE `om_system_org` (
  `SYSTEM_ID` varchar(10) COLLATE utf8_unicode_ci NOT NULL COMMENT '目标系统ID',
  `SYSTEM_NAME` varchar(60) COLLATE utf8_unicode_ci NOT NULL COMMENT '目标系统名称',
  `SYSTEM_DESC` varchar(100) COLLATE utf8_unicode_ci DEFAULT NULL COMMENT '目标系统描述',
  PRIMARY KEY (`SYSTEM_ID`)
) ENGINE=InnoDB DEFAULT CHARSET=utf8 COLLATE=utf8_unicode_ci;

-- ----------------------------
-- Records of om_system_org
-- ----------------------------
INSERT INTO `om_system_org` VALUES ('AC', '核算系统', 'AC');
INSERT INTO `om_system_org` VALUES ('BO', '运营系统', 'BO');
INSERT INTO `om_system_org` VALUES ('CIF', '客户管理', 'CIF');
INSERT INTO `om_system_org` VALUES ('CM', '公共参数', 'CM');
INSERT INTO `om_system_org` VALUES ('PF', '产品利率', 'PF');
INSERT INTO `om_system_org` VALUES ('RB', '存款系统', 'RB');

-- ----------------------------
-- Table structure for om_table_list
-- ----------------------------
DROP TABLE IF EXISTS `om_table_list`;
CREATE TABLE `om_table_list` (
  `TABLE_NAME` varchar(30) NOT NULL,
  `TABLE_DESC` varchar(30) NOT NULL,
  `SYSTEM` varchar(10) NOT NULL,
  `PARAMETER` varchar(10) DEFAULT NULL,
  `SEARCH_COLUMN` varchar(300) DEFAULT NULL,
  `EIDT_COLUMNS` varchar(300) DEFAULT NULL COMMENT '单表可见参数',
  `LOAD_MODEL` varchar(10) DEFAULT NULL,
  `LOAD_PATH` varchar(50) DEFAULT NULL,
  PRIMARY KEY (`TABLE_NAME`) USING BTREE
) ENGINE=InnoDB DEFAULT CHARSET=utf8 ROW_FORMAT=DYNAMIC;

-- ----------------------------
-- Records of om_table_list
-- ----------------------------
INSERT INTO `om_table_list` VALUES ('AC_BRANCH', '清算规则表', 'AC', 'busi', '', 'ALL', 'S', 'tableInfo');
INSERT INTO `om_table_list` VALUES ('AC_SUBJECT', '会计科目表 ', 'AC', 'busi', 'SUBJECT_CODE,SUBJECT_DESC', 'ALL', 'S', 'tableInfo');
INSERT INTO `om_table_list` VALUES ('BATCH_AC_SUBJECT', '会计科目表 ', 'AC', 'busi', '', 'ALL', 'S', 'tableInfo');
INSERT INTO `om_table_list` VALUES ('CD_AREA_DEF', '地区参数表', 'RB', 'busi', '', 'ALL', 'S', 'tableInfo');
INSERT INTO `om_table_list` VALUES ('CD_CARD_BIN', '卡bin参数表', 'RB', 'busi', '', 'ALL', 'S', 'tableInfo');
INSERT INTO `om_table_list` VALUES ('CIF_BUSINESS', '行业代码表 ', 'CIF', 'busi', '', 'ALL', 'S', 'tableInfo');
INSERT INTO `om_table_list` VALUES ('CIF_CATEGORY_TYPE', '客户类型-细分类表', 'CIF', 'busi', '', 'ALL', 'S', 'tableInfo');
INSERT INTO `om_table_list` VALUES ('CIF_CLASS_1', '客户分类1', 'CIF', 'busi', '', 'ALL', 'S', 'tableInfo');
INSERT INTO `om_table_list` VALUES ('CIF_CLASS_2', '客户分类2', 'CIF', 'busi', '', 'ALL', 'S', 'tableInfo');
INSERT INTO `om_table_list` VALUES ('CIF_CLASS_3', '客户分类3', 'CIF', 'busi', '', 'ALL', 'S', 'tableInfo');
INSERT INTO `om_table_list` VALUES ('CIF_CLASS_4', '客户分类4', 'CIF', 'busi', '', 'ALL', 'S', 'tableInfo');
INSERT INTO `om_table_list` VALUES ('CIF_CLASS_5', '客户分类5', 'CIF', 'busi', '', 'ALL', 'S', 'tableInfo');
INSERT INTO `om_table_list` VALUES ('CIF_CLASS_LEVEL', '参数表', 'CIF', 'busi', '', 'ALL', 'S', 'tableInfo');
INSERT INTO `om_table_list` VALUES ('CIF_CLIENT_NATURE_DEF', '客户属性定义', 'CIF', 'busi', '', 'ALL', 'S', 'tableInfo');
INSERT INTO `om_table_list` VALUES ('CIF_CLIENT_STATUS', '客户状态', 'CIF', 'busi', '', 'ALL', 'S', 'tableInfo');
INSERT INTO `om_table_list` VALUES ('CIF_CLIENT_TAXPAYER', '纳税人类型码值表', 'CIF', 'busi', '', 'ALL', 'S', 'tableInfo');
INSERT INTO `om_table_list` VALUES ('CIF_CLIENT_TYPE', '客户类型-大类表', 'CIF', 'busi', '', 'ALL', 'S', 'tableInfo');
INSERT INTO `om_table_list` VALUES ('CIF_CONTACT_TYPE', '联系类型', 'CIF', 'busi', '', 'ALL', 'S', 'tableInfo');
INSERT INTO `om_table_list` VALUES ('CIF_CR_RATING', '信用等级表', 'CIF', 'busi', '', 'ALL', 'S', 'tableInfo');
INSERT INTO `om_table_list` VALUES ('CIF_DOCUMENT_EXP', '证件到期管理表', 'CIF', 'busi', '', 'ALL', 'S', 'tableInfo');
INSERT INTO `om_table_list` VALUES ('CIF_DOCUMENT_TYPE', '证件类型', 'CIF', 'busi', '', 'ALL', 'S', 'tableInfo');
INSERT INTO `om_table_list` VALUES ('CIF_EDUCATION', '教育程度', 'CIF', 'busi', '', 'ALL', 'S', 'tableInfo');
INSERT INTO `om_table_list` VALUES ('CIF_INDUSTRY', '通用行业代码', 'CIF', 'busi', '', 'ALL', 'S', 'tableInfo');
INSERT INTO `om_table_list` VALUES ('CIF_MERCHANT_TYPE_DEF', '商户类型定义表', 'CIF', 'busi', '', 'ALL', 'S', 'tableInfo');
INSERT INTO `om_table_list` VALUES ('CIF_OCCUPATION', '职业分类表', 'CIF', 'busi', '', 'ALL', 'S', 'tableInfo');
INSERT INTO `om_table_list` VALUES ('CIF_QUALIFICATION', '职称定义表', 'CIF', 'busi', '', 'ALL', 'S', 'tableInfo');
INSERT INTO `om_table_list` VALUES ('CIF_RELATION_TYPE', '客户关系类型', 'CIF', 'busi', '', 'ALL', 'S', 'tableInfo');
INSERT INTO `om_table_list` VALUES ('CIF_RESIDENT_TYPE', '居住类型表', 'CIF', 'busi', '', 'ALL', 'S', 'tableInfo');
INSERT INTO `om_table_list` VALUES ('CIF_RESTRAINT_TYPE', '账户限制类型定义表', 'CIF', 'busi', '', 'ALL', 'S', 'tableInfo');
INSERT INTO `om_table_list` VALUES ('CIF_SALUTATION', '称呼类型表', 'CIF', 'busi', '', 'ALL', 'S', 'tableInfo');
INSERT INTO `om_table_list` VALUES ('FM_BANK', '外部金融机构定义表 ', 'RB', 'busi', '', 'ALL', 'S', 'tableInfo');
INSERT INTO `om_table_list` VALUES ('FM_BANK_HIERARCHY', '机构层次表', 'RB', 'busi', '', 'ALL', 'S', 'tableInfo');
INSERT INTO `om_table_list` VALUES ('FM_BRANCH', '机构信息表 ', 'BO,AC,RB', 'busi', '', 'ALL', 'M', 'tableInfo');
INSERT INTO `om_table_list` VALUES ('FM_BRANCH_CCY', '机构币种定义表', 'RB,BO', 'busi', '', 'ALL', 'M', 'tableInfo');
INSERT INTO `om_table_list` VALUES ('FM_BRANCH_REGION_DEF', '机构自定义区域设置', 'RB,BO', 'busi', '', 'ALL', 'M', 'tableInfo');
INSERT INTO `om_table_list` VALUES ('FM_BRCHSTATUS_DETAIL', '机构登记簿', 'RB,BO', 'busi', '', 'ALL', 'M', 'tableInfo');
INSERT INTO `om_table_list` VALUES ('FM_CCY_HOLIDAY', '币种节假日定义 ', 'RB', 'busi', '', 'ALL', 'S', 'tableInfo');
INSERT INTO `om_table_list` VALUES ('FM_CHANNEL', '渠道类型 ', 'RB,BO', 'busi', '', 'ALL', 'M', 'tableInfo');
INSERT INTO `om_table_list` VALUES ('FM_CITY', '城市代码 ', 'RB,BO', 'busi', '', 'ALL', 'M', 'tableInfo');
INSERT INTO `om_table_list` VALUES ('FM_COMPANY', '法人定义表 ', 'RB,BO', 'busi', '', 'ALL', 'M', 'tableInfo');
INSERT INTO `om_table_list` VALUES ('FM_COUNTER_PARTY', '交易对手定义', 'RB', 'busi', '', 'ALL', 'S', 'tableInfo');
INSERT INTO `om_table_list` VALUES ('FM_COUNTRY', '国家代码 国家的基本信息表 ', 'RB,BO', 'busi', '', 'ALL', 'M', 'tableInfo');
INSERT INTO `om_table_list` VALUES ('FM_CURRENCY', '币种基本信息表 ', 'RB,BO', 'busi', '', 'ALL', 'M', 'tableInfo');
INSERT INTO `om_table_list` VALUES ('FM_DEFAULT_RATE_TYPE', '公共汇率类型定义表 ', 'RB', 'busi', '', 'ALL', 'S', 'tableInfo');
INSERT INTO `om_table_list` VALUES ('FM_DEPARTMENT', '部门信息表 ', 'RB', 'busi', '', 'ALL', 'S', 'tableInfo');
INSERT INTO `om_table_list` VALUES ('FM_DIST_CODE', '地区代码 此表作为静态参数表 ', 'RB,BO', 'busi', '', 'ALL', 'M', 'tableInfo');
INSERT INTO `om_table_list` VALUES ('FM_EXCHANGE_TRAN_CODE', '结售汇项目编码表', 'RB', 'busi', '', 'ALL', 'S', 'tableInfo');
INSERT INTO `om_table_list` VALUES ('FM_EXTERNAL_BRANCH', '外部金融机构分行表 ', 'RB', 'busi', '', 'ALL', 'S', 'tableInfo');
INSERT INTO `om_table_list` VALUES ('FM_EX_UNCHANGE_BRANCH', '汇率平盘机构定义', 'RB', 'busi', '', 'ALL', 'S', 'tableInfo');
INSERT INTO `om_table_list` VALUES ('FM_FAT_BRANCH', '自贸区结构表', 'RB', 'busi', '', 'ALL', 'S', 'tableInfo');
INSERT INTO `om_table_list` VALUES ('FM_FAT_DEF', '自贸区代码定义', 'RB', 'busi', '', 'ALL', 'S', 'tableInfo');
INSERT INTO `om_table_list` VALUES ('FM_GAP_PERIOD', '敞口期限信息', 'RB', 'busi', '', 'ALL', 'S', 'tableInfo');
INSERT INTO `om_table_list` VALUES ('FM_GAP_TYPE', '敞口类型定义表 ', 'RB', 'busi', '', 'ALL', 'S', 'tableInfo');
INSERT INTO `om_table_list` VALUES ('FM_LOC_HOLIDAY', '地区节假日 ', 'RB', 'busi', '', 'ALL', 'S', 'tableInfo');
INSERT INTO `om_table_list` VALUES ('FM_MODULE', '模块说明表 ', 'RB', 'busi', '', 'ALL', 'S', 'tableInfo');
INSERT INTO `om_table_list` VALUES ('FM_NATURE_CLASS', '账户属性值表', 'RB', 'busi', '', 'ALL', 'S', 'tableInfo');
INSERT INTO `om_table_list` VALUES ('FM_PARAMETER', '公共业务参数表 ', 'AC', 'busi', '', 'ALL', 'S', 'tableInfo');
INSERT INTO `om_table_list` VALUES ('FM_PERIOD_FREQ', '周期频率表 ', 'RB', 'busi', '', 'ALL', 'S', 'tableInfo');
INSERT INTO `om_table_list` VALUES ('FM_PROFIT_CENTRE', '利润中心 ', 'RB', 'busi', '', 'ALL', 'S', 'tableInfo');
INSERT INTO `om_table_list` VALUES ('FM_REF_CODE', '系统内部预定义参数表', 'RB', 'busi', '', 'ALL', 'S', 'tableInfo');
INSERT INTO `om_table_list` VALUES ('FM_REGION', '区域代码 地区基本信息 ', 'RB', 'busi', '', 'ALL', 'S', 'tableInfo');
INSERT INTO `om_table_list` VALUES ('FM_REGION_CODE_USERDEF', '自定义区域代码定义', 'RB', 'busi', '', 'ALL', 'S', 'tableInfo');
INSERT INTO `om_table_list` VALUES ('FM_REGION_TYPE_USERDEF', '自定义区域类型定义', 'RB', 'busi', '', 'ALL', 'S', 'tableInfo');
INSERT INTO `om_table_list` VALUES ('FM_SEQ_TYPE', '序列类型定义表 ', 'RB', 'busi', '', 'ALL', 'S', 'tableInfo');
INSERT INTO `om_table_list` VALUES ('FM_SEQ_TYPE_DTL', '序列类型详细信息表', 'RB', 'busi', '', 'ALL', 'S', 'tableInfo');
INSERT INTO `om_table_list` VALUES ('FM_SEQ_TYPE_RULE', '序列规则定义表', 'RB', 'busi', '', 'ALL', 'S', 'tableInfo');
INSERT INTO `om_table_list` VALUES ('FM_STATE', '省、州信息表 ', 'RB', 'busi', '', 'ALL', 'S', 'tableInfo');
INSERT INTO `om_table_list` VALUES ('FM_STRUCTURE_ATTR', '结构属性定义表 ', 'RB', 'busi', '', 'ALL', 'S', 'tableInfo');
INSERT INTO `om_table_list` VALUES ('FM_STRUCTURE_CONV', '结构转化规则定义表 ', 'RB', 'busi', '', 'ALL', 'S', 'tableInfo');
INSERT INTO `om_table_list` VALUES ('FM_STRUCTURE_DIGIT_POS', '结构数字校验位定义表 ', 'RB', 'busi', '', 'ALL', 'S', 'tableInfo');
INSERT INTO `om_table_list` VALUES ('FM_STRUCTURE_PARAM', '结构参数定义表 ', 'RB', 'busi', '', 'ALL', 'S', 'tableInfo');
INSERT INTO `om_table_list` VALUES ('FM_STRUCTURE_TYPE', '结构类型定义表 ', 'RB', 'busi', '', 'ALL', 'S', 'tableInfo');
INSERT INTO `om_table_list` VALUES ('FM_SUB_BRANCH_TBL', '分行定义表 ', 'RB', 'busi', '', 'ALL', 'S', 'tableInfo');
INSERT INTO `om_table_list` VALUES ('FM_SYSTEM', '系统业务参数表 ', 'BO', 'busi', '', 'ALL', 'S', 'tableInfo');
INSERT INTO `om_table_list` VALUES ('FM_USER', '核心柜员信息表', 'BO', 'busi', '', 'ALL', 'S', 'tableInfo');
INSERT INTO `om_table_list` VALUES ('GL_ACCOUNTING', '分录定义表 ', 'AC', 'busi', '', 'ALL', 'S', 'tableInfo');
INSERT INTO `om_table_list` VALUES ('GL_ACCT_TYPE', '总账产品定义 ', 'AC', 'busi', '', 'ALL', 'S', 'tableInfo');
INSERT INTO `om_table_list` VALUES ('GL_ADJUST_DEF', '损益结转定义表 ', 'AC', 'busi', '', 'ALL', 'S', 'tableInfo');
INSERT INTO `om_table_list` VALUES ('GL_AMOUNT_MAPPING', '金额映射表 ', 'AC', 'busi', '', 'ALL', 'S', 'tableInfo');
INSERT INTO `om_table_list` VALUES ('GL_AMOUNT_TYPE', '金额类型表 ', 'AC', 'busi', '', 'ALL', 'S', 'tableInfo');
INSERT INTO `om_table_list` VALUES ('GL_BRANCH', '机构信息表 ', 'AC', 'busi', '', 'ALL', 'S', 'tableInfo');
INSERT INTO `om_table_list` VALUES ('GL_CCY_CTRL_ACCT_TBL', '汇兑损益重估科目定义 ', 'AC', 'busi', '', 'ALL', 'S', 'tableInfo');
INSERT INTO `om_table_list` VALUES ('GL_CCY_RATE', '核算同步利率市场化汇率表 ', 'AC', 'busi', '', 'ALL', 'S', 'tableInfo');
INSERT INTO `om_table_list` VALUES ('GL_CCY_RULE', '币种规则表 ', 'AC', 'busi', '', 'ALL', 'S', 'tableInfo');
INSERT INTO `om_table_list` VALUES ('GL_CODE_TRANSFER_DEF', '科目划转定义表 ', 'AC', 'busi', '', 'ALL', 'S', 'tableInfo');
INSERT INTO `om_table_list` VALUES ('GL_CURRENCY_SEQNO_DEF', '币种序号定义表 ', 'AC', 'busi', '', 'ALL', 'S', 'tableInfo');
INSERT INTO `om_table_list` VALUES ('GL_CUSTOM_RULE', '自定义规则表 ', 'AC', 'busi', '', 'ALL', 'S', 'tableInfo');
INSERT INTO `om_table_list` VALUES ('GL_EVENT_MAPPING', '事件类型映射表 ', 'AC', 'busi', '', 'ALL', 'S', 'tableInfo');
INSERT INTO `om_table_list` VALUES ('GL_EVENT_TYPE', '事件类型表 ', 'AC', 'busi', '', 'ALL', 'S', 'tableInfo');
INSERT INTO `om_table_list` VALUES ('GL_IRL_CCY_RATE', '汇率牌价表 ', 'AC', 'busi', '', 'ALL', 'S', 'tableInfo');
INSERT INTO `om_table_list` VALUES ('GL_IRL_DUAD_CCY_RATE', '货币对汇率牌价表 ', 'AC', 'busi', '', 'ALL', 'S', 'tableInfo');
INSERT INTO `om_table_list` VALUES ('GL_IRL_EXCHANGE_TYPE', '汇率类型表 ', 'AC', 'busi', '', 'ALL', 'S', 'tableInfo');
INSERT INTO `om_table_list` VALUES ('GL_NOGEN_RULE', '免于生成分录规则表 ', 'AC', 'busi', '', 'ALL', 'S', 'tableInfo');
INSERT INTO `om_table_list` VALUES ('GL_PROD_ACCOUNTING', '产品科目表 ', 'AC', 'busi', '', 'ALL', 'S', 'tableInfo');
INSERT INTO `om_table_list` VALUES ('GL_PROD_CODE_MAPPING', '产品科目映射表 ', 'AC', 'busi', '', 'ALL', 'S', 'tableInfo');
INSERT INTO `om_table_list` VALUES ('GL_PROD_MAPPING', '产品映射表 ', 'AC', 'busi', '', 'ALL', 'S', 'tableInfo');
INSERT INTO `om_table_list` VALUES ('GL_PROD_RULE', '产品分录规则表 ', 'AC', 'busi', '', 'ALL', 'S', 'tableInfo');
INSERT INTO `om_table_list` VALUES ('GL_RESERVE_CCY', '准备金缴存币种信息表 ', 'AC', 'busi', '', 'ALL', 'S', 'tableInfo');
INSERT INTO `om_table_list` VALUES ('GL_RESERVE_GAT_BRANCH', '准备金缴存配置表 ', 'AC', 'busi', '', 'ALL', 'S', 'tableInfo');
INSERT INTO `om_table_list` VALUES ('GL_RESERVE_OUT_PAY_TYPE', '对外缴存准备金定义 ', 'AC', 'busi', '', 'ALL', 'S', 'tableInfo');
INSERT INTO `om_table_list` VALUES ('GL_RESERVE_PAY_CCY', '缴存范围定义 ', 'AC', 'busi', '', 'ALL', 'S', 'tableInfo');
INSERT INTO `om_table_list` VALUES ('GL_RESERVE_PAY_SUBJECT', '科目范围定义 ', 'AC', 'busi', '', 'ALL', 'S', 'tableInfo');
INSERT INTO `om_table_list` VALUES ('GL_RESERVE_PAY_TYPE', '对内准备金缴存定义 ', 'AC', 'busi', '', 'ALL', 'S', 'tableInfo');
INSERT INTO `om_table_list` VALUES ('GL_RESERVE_SUBJECT', '缴存科目定义 ', 'AC', 'busi', '', 'ALL', 'S', 'tableInfo');
INSERT INTO `om_table_list` VALUES ('GL_RESERVE_TYPE', '准备金缴存类型定义表 ', 'AC', 'busi', '', 'ALL', 'S', 'tableInfo');
INSERT INTO `om_table_list` VALUES ('GL_REVAL_PARAM', '汇兑损益重估参数定义表 ', 'AC', 'busi', '', 'ALL', 'S', 'tableInfo');
INSERT INTO `om_table_list` VALUES ('GL_SYSTEM', '总帐系统参数表 ', 'AC', 'busi', '', 'ALL', 'S', 'tableInfo');
INSERT INTO `om_table_list` VALUES ('GL_TAXRATE_DEFINE', '增值税税率类型定义表 ', 'AC', 'busi', '', 'ALL', 'S', 'tableInfo');
INSERT INTO `om_table_list` VALUES ('GL_TRAN_MAPPING', '交易映射表 ', 'AC', 'busi', '', 'ALL', 'S', 'tableInfo');
INSERT INTO `om_table_list` VALUES ('IRL_AMT_EXPRESSION', '金额计算表达式信息表', 'PF', 'busi', '', 'ALL', 'S', 'tableInfo');
INSERT INTO `om_table_list` VALUES ('IRL_AMT_SPLIT', '金额分段参数表', 'PF', 'busi', '', 'ALL', 'S', 'tableInfo');
INSERT INTO `om_table_list` VALUES ('IRL_BASIS_RATE', '基准利率信息表', 'PF', 'busi', '', 'ALL', 'S', 'tableInfo');
INSERT INTO `om_table_list` VALUES ('IRL_CCY_RATE', '汇率牌价表', 'PF', 'busi', '', 'ALL', 'S', 'tableInfo');
INSERT INTO `om_table_list` VALUES ('IRL_DATE_MAPPING', '因子映射表', 'PF', 'busi', '', 'ALL', 'S', 'tableInfo');
INSERT INTO `om_table_list` VALUES ('IRL_DUAD_CCY_RATE', '货币对汇率牌价表', 'PF', 'busi', '', 'ALL', 'S', 'tableInfo');
INSERT INTO `om_table_list` VALUES ('IRL_ELEMENT', '因子表', 'PF', 'busi', '', 'ALL', 'S', 'tableInfo');
INSERT INTO `om_table_list` VALUES ('IRL_ELEMENT_GROUP', '因子分组定义表', 'PF', 'busi', '', 'ALL', 'S', 'tableInfo');
INSERT INTO `om_table_list` VALUES ('IRL_EXCHANGE_TYPE', '汇率类型表', 'PF', 'busi', '', 'ALL', 'S', 'tableInfo');
INSERT INTO `om_table_list` VALUES ('IRL_FEE_CLIENT_TYPE', '费率客户类型关系表', 'PF', 'busi', '', 'ALL', 'S', 'tableInfo');
INSERT INTO `om_table_list` VALUES ('IRL_FEE_ITEM', '费用项目表', 'PF', 'busi', '', 'ALL', 'S', 'tableInfo');
INSERT INTO `om_table_list` VALUES ('IRL_FEE_MAPPING', '费用启用规则表', 'PF', 'busi', '', 'ALL', 'S', 'tableInfo');
INSERT INTO `om_table_list` VALUES ('IRL_FEE_MATRIX', '费率矩阵信息表', 'PF', 'busi', '', 'ALL', 'S', 'tableInfo');
INSERT INTO `om_table_list` VALUES ('IRL_FEE_PROFIT_DISTRIBUTION', '分润规则表', 'PF', 'busi', '', 'ALL', 'S', 'tableInfo');
INSERT INTO `om_table_list` VALUES ('IRL_FEE_RATE', '费率信息表', 'PF', 'busi', '', 'ALL', 'S', 'tableInfo');
INSERT INTO `om_table_list` VALUES ('IRL_FEE_TYPE', '费用类型表', 'PF', 'busi', '', 'ALL', 'S', 'tableInfo');
INSERT INTO `om_table_list` VALUES ('IRL_INT_BASIS', '基准利率类型表', 'AC,PF', 'busi', '', 'ALL', 'M', 'tableInfo');
INSERT INTO `om_table_list` VALUES ('IRL_INT_MATRIX', '利率税率阶梯表', 'AC,PF', 'busi', '', 'ALL', 'M', 'tableInfo');
INSERT INTO `om_table_list` VALUES ('IRL_INT_RATE', '利率税率信息表', 'AC,PF', 'busi', '', 'ALL', 'M', 'tableInfo');
INSERT INTO `om_table_list` VALUES ('IRL_INT_TYPE', '利率税率类型表', 'PF', 'busi', '', 'ALL', 'S', 'tableInfo');
INSERT INTO `om_table_list` VALUES ('IRL_MARKET_FACTOR_INFO', '市场指数信息表', 'PF', 'busi', '', 'ALL', 'S', 'tableInfo');
INSERT INTO `om_table_list` VALUES ('IRL_PERI_SPLIT', '周期分段参数表', 'PF', 'busi', '', 'ALL', 'S', 'tableInfo');
INSERT INTO `om_table_list` VALUES ('IRL_RISK_SETING', '利率风险设置表', 'PF', 'busi', '', 'ALL', 'S', 'tableInfo');
INSERT INTO `om_table_list` VALUES ('IRL_RULE_GROUP', '规则分组定义表', 'PF', 'busi', '', 'ALL', 'S', 'tableInfo');
INSERT INTO `om_table_list` VALUES ('IRL_RULE_MESSAGE', '规则信息表', 'PF', 'busi', '', 'ALL', 'S', 'tableInfo');
INSERT INTO `om_table_list` VALUES ('IRL_SYSTEM', '系统信息表', 'PF', 'busi', '', 'ALL', 'S', 'tableInfo');
INSERT INTO `om_table_list` VALUES ('IRL_TAXRATE_DEFINE', '税率类型定义表', 'PF', 'busi', '', 'ALL', 'S', 'tableInfo');
INSERT INTO `om_table_list` VALUES ('IRl_test', '测试', 'PF', 'busi', null, 'ALL', 'S', 'path');
INSERT INTO `om_table_list` VALUES ('MB_ATTR_CLASS', '参数分类定义表', 'PF', 'busi', '', 'ALL', 'S', 'tableInfo');
INSERT INTO `om_table_list` VALUES ('MB_EVENT_CLASS', '事件分类定义表', 'PF', 'busi', '', 'ALL', 'S', 'tableInfo');
INSERT INTO `om_table_list` VALUES ('MB_EVENT_DEFAULT_TYPE', '产品基础事件定义表', 'PF', 'busi', '', 'ALL', 'S', 'tableInfo');
INSERT INTO `om_table_list` VALUES ('MB_PART_ATTR', '部件属性关联表', 'PF', 'busi', '', 'ALL', 'S', 'part');
INSERT INTO `om_table_list` VALUES ('MB_PART_CLASS', '部件分类表', 'PF', 'busi', 'PART_CLASS,PART_CLASS_DESC', 'ALL', 'S', 'partClassManage');
INSERT INTO `om_table_list` VALUES ('MB_PART_CTL', '指标控制表', 'PF', 'busi', '', 'ALL', 'S', 'tableInfo');
INSERT INTO `om_table_list` VALUES ('MB_PART_TYPE', '部件类型定义表', 'PF', 'busi', '', 'ALL', 'S', 'part');
INSERT INTO `om_table_list` VALUES ('MB_PRICE_FEE_DEFINE', '价税分离范围定义表 ', 'AC', 'busi', '', 'ALL', 'S', 'tableInfo');
INSERT INTO `om_table_list` VALUES ('MB_PROD_CHARGE', '收费定义表', 'PROD', 'busi', null, null, null, null);
INSERT INTO `om_table_list` VALUES ('MB_PROD_CLASS', '产品分类定义表', 'PF', 'busi', '', 'ALL', 'S', 'tableInfo');
INSERT INTO `om_table_list` VALUES ('MB_PROD_DEFINE', '产品属性表', 'PROD', 'busi', null, null, null, null);
INSERT INTO `om_table_list` VALUES ('MB_PROD_MARKET_AREA', '产品营销地区表', 'PF', 'busi', '', 'ALL', 'S', 'tableInfo');
INSERT INTO `om_table_list` VALUES ('MB_PROD_MUTUAL', '产品互斥参数表', 'PF', 'busi', '', 'ALL', 'S', 'tableInfo');
INSERT INTO `om_table_list` VALUES ('MB_PROD_PERFERENCE', '产品利率优惠表', 'PF', 'busi', '', 'ALL', 'S', 'tableInfo');
INSERT INTO `om_table_list` VALUES ('MB_PROD_TYPE', '产品定义表', 'PROD', 'busi', null, null, null, null);
INSERT INTO `om_table_list` VALUES ('RB_ACCT_CLOSE_REASON', '账户销户原因定义表 ', 'RB', 'busi', '', 'ALL', 'S', 'tableInfo');
INSERT INTO `om_table_list` VALUES ('RB_ACCT_LINKMAN_TYPE', '账户联系人类型表 ', 'RB', 'busi', '', 'ALL', 'S', 'tableInfo');
INSERT INTO `om_table_list` VALUES ('RB_ACCT_NATURE_DEF', '账户属性定义 ', 'RB', 'busi', '', 'ALL', 'S', 'tableInfo');
INSERT INTO `om_table_list` VALUES ('RB_ACCT_NATURE_RESTRAINTS', '账户属性与账户限制关联配置 ', 'RB', 'busi', '', 'ALL', 'S', 'tableInfo');
INSERT INTO `om_table_list` VALUES ('RB_AMT_CALC_TYPE', '金额计算类型定义表 ', 'RB', 'busi', '', 'ALL', 'S', 'tableInfo');
INSERT INTO `om_table_list` VALUES ('RB_ANNUAL_SURVEY', '账户年检管理表 ', 'RB', 'busi', '', 'ALL', 'S', 'tableInfo');
INSERT INTO `om_table_list` VALUES ('RB_AVAILBAL_CALC_TYPE', '可用余额计算类型定义表 ', 'RB', 'busi', '', 'ALL', 'S', 'tableInfo');
INSERT INTO `om_table_list` VALUES ('RB_CASH_ITEM', '现金项目定义 ', 'RB', 'busi', '', 'ALL', 'S', 'tableInfo');
INSERT INTO `om_table_list` VALUES ('RB_CERTIFICATE_TYPE', '产权证明种类 ', 'RB', 'busi', '', 'ALL', 'S', 'tableInfo');
INSERT INTO `om_table_list` VALUES ('RB_CLEAN_PARAMETER', '账户清理参数表 ', 'RB', 'busi', '', 'ALL', 'S', 'tableInfo');
INSERT INTO `om_table_list` VALUES ('RB_DEP_WTD_TRAN_TYPE', '存入支取交易类型定义表', 'RB', 'busi', '', 'ALL', 'S', 'tableInfo');
INSERT INTO `om_table_list` VALUES ('RB_EXCHANGE_TRAN_TYPE', '结售汇交易类型  ', 'RB', 'busi', '', 'ALL', 'S', 'tableInfo');
INSERT INTO `om_table_list` VALUES ('RB_FILE_DIR', '核心文件路径配置表 ', 'RB', 'busi', '', 'ALL', 'S', 'tableInfo');
INSERT INTO `om_table_list` VALUES ('RB_FILE_TABLE_DEF', '根据配置属性生成数据文件 ', 'RB', 'busi', '', 'ALL', 'S', 'tableInfo');
INSERT INTO `om_table_list` VALUES ('RB_FIN_AGRT_TYPE', '活期理财协议表 ', 'RB', 'busi', '', 'ALL', 'S', 'tableInfo');
INSERT INTO `om_table_list` VALUES ('RB_FUND_TRAN_CTL', '账户类别交易控制表 ', 'RB', 'busi', '', 'ALL', 'S', 'tableInfo');
INSERT INTO `om_table_list` VALUES ('RB_LINK_CONDITION', '链接条件定义表 ', 'RB', 'busi', '', 'ALL', 'S', 'tableInfo');
INSERT INTO `om_table_list` VALUES ('RB_OPEN_CTL', '开户数量控制表 ', 'RB', 'busi', '', 'ALL', 'S', 'tableInfo');
INSERT INTO `om_table_list` VALUES ('RB_PARAMETER', '存款参数表  ', 'RB', 'busi', '', 'ALL', 'S', 'tableInfo');
INSERT INTO `om_table_list` VALUES ('RB_PASSWORD_TYPE', '密码类型参数表 ', 'RB', 'busi', '', 'ALL', 'S', 'tableInfo');
INSERT INTO `om_table_list` VALUES ('RB_PCP_GROUP_DEF', '资金池账户组定义表 ', 'RB', 'busi', '', 'ALL', 'S', 'tableInfo');
INSERT INTO `om_table_list` VALUES ('RB_PCP_PARAMETER', '资金池参数表 ', 'RB', 'busi', '', 'ALL', 'S', 'tableInfo');
INSERT INTO `om_table_list` VALUES ('RB_PROD_AMEND_MAPING', '产品变更映射表 ', 'RB', 'busi', '', 'ALL', 'S', 'tableInfo');
INSERT INTO `om_table_list` VALUES ('RB_PROD_CHARGE', '产品类型费用类型关联表 ', 'RB', 'busi', '', 'ALL', 'S', 'tableInfo');
INSERT INTO `om_table_list` VALUES ('RB_PURPOSE', '资金用途 ', 'RB', 'busi', '', 'ALL', 'S', 'tableInfo');
INSERT INTO `om_table_list` VALUES ('RB_REASON_CODE', '原因代码 ', 'RB', 'busi', '', 'ALL', 'S', 'tableInfo');
INSERT INTO `om_table_list` VALUES ('RB_RENEWAL_TYPE', '定期产品比例定义表 ', 'RB', 'busi', '', 'ALL', 'S', 'tableInfo');
INSERT INTO `om_table_list` VALUES ('RB_RESTRAINT_TYPE', '账户限制类型定义表 ', 'RB', 'busi', '', 'ALL', 'S', 'tableInfo');
INSERT INTO `om_table_list` VALUES ('RB_SETTLE_ACCT_CLASS', '结算账户分类定义表 ', 'RB', 'busi', '', 'ALL', 'S', 'tableInfo');
INSERT INTO `om_table_list` VALUES ('RB_SETTLE_ACCT_MAPPING', '结算账户分类映射表 ', 'RB', 'busi', '', 'ALL', 'S', 'tableInfo');
INSERT INTO `om_table_list` VALUES ('RB_SETTLE_TRAN_MAPPING', '结算交易类型映射表 ', 'RB', 'busi', '', 'ALL', 'S', 'tableInfo');
INSERT INTO `om_table_list` VALUES ('RB_STAGE_INFO', '期次信息表 ', 'RB', 'busi', '', 'ALL', 'S', 'tableInfo');
INSERT INTO `om_table_list` VALUES ('RB_STAGE_INT', '期次管理利率信息表 ', 'RB', 'busi', '', 'ALL', 'S', 'tableInfo');
INSERT INTO `om_table_list` VALUES ('RB_STAT_AMT_DEFINE', '账户统计金额定义表 ', 'RB', 'busi', '', 'ALL', 'S', 'tableInfo');
INSERT INTO `om_table_list` VALUES ('RB_TRAN_CONTROL', '交易控制表 ', 'RB', 'busi', '', 'ALL', 'S', 'tableInfo');
INSERT INTO `om_table_list` VALUES ('RB_TRAN_DEF', '交易类型定义表 ', 'RB', 'busi', '', 'ALL', 'S', 'tableInfo');
INSERT INTO `om_table_list` VALUES ('RB_TRAN_LIMIT_DEF', '限额定义表 ', 'RB', 'busi', '', 'ALL', 'S', 'tableInfo');
INSERT INTO `om_table_list` VALUES ('RB_TRAN_PURPOSE', '交易目的表', 'RB', 'busi', '', 'ALL', 'S', 'tableInfo');

-- ----------------------------
-- Table structure for om_user
-- ----------------------------
DROP TABLE IF EXISTS `om_user`;
CREATE TABLE `om_user` (
  `user_id` varchar(10) NOT NULL COMMENT '用户id',
  `user_name` varchar(30) NOT NULL COMMENT '用户名称',
  `password` varchar(100) NOT NULL COMMENT '密码',
  `branch` varchar(20) DEFAULT NULL COMMENT '机构',
  `company` varchar(100) DEFAULT NULL COMMENT '法人',
  `user_level` varchar(100) NOT NULL COMMENT '用户等级',
  `parent_user_id` varchar(30) DEFAULT NULL COMMENT '父级用户',
  `email` varchar(100) DEFAULT NULL COMMENT '邮箱',
  `phone` varchar(11) DEFAULT NULL COMMENT '电话号码',
  PRIMARY KEY (`user_id`)
) ENGINE=InnoDB DEFAULT CHARSET=utf8 COMMENT='用户信息定义表';

-- ----------------------------
-- Records of om_user
-- ----------------------------
INSERT INTO `om_user` VALUES ('admin', '系统管理员', '123456', '9999', 'DCITS', '1', null, 'r', '11111111133');
INSERT INTO `om_user` VALUES ('para', '参数管理员', '123456', null, null, '2', 'admin', null, null);

-- ----------------------------
-- Table structure for om_user_collect
-- ----------------------------
DROP TABLE IF EXISTS `om_user_collect`;
CREATE TABLE `om_user_collect` (
  `USER_ID` varchar(20) NOT NULL COMMENT '用户ID',
  `PROD_TYPE` varchar(20) NOT NULL,
  `PROD_DESC` varchar(255) DEFAULT NULL,
  `PROD_RANGE` varchar(1) DEFAULT NULL,
  `SOURCE_MODULE` varchar(10) DEFAULT NULL,
  `COLLECT_DATE` varchar(30) DEFAULT NULL,
  `COLLECT_STATUS` varchar(1) DEFAULT NULL,
  PRIMARY KEY (`USER_ID`,`PROD_TYPE`)
) ENGINE=InnoDB DEFAULT CHARSET=utf8;

-- ----------------------------
-- Records of om_user_collect
-- ----------------------------
INSERT INTO `om_user_collect` VALUES ('admin', 'RB101', '个人人民币活期基础产品', 'B', 'RB', '2019年05月07日', 'A');

-- ----------------------------
-- Table structure for om_user_copy
-- ----------------------------
DROP TABLE IF EXISTS `om_user_copy`;
CREATE TABLE `om_user_copy` (
  `user_id` varchar(10) NOT NULL COMMENT '用户id',
  `user_name` varchar(30) NOT NULL COMMENT '用户名称',
  `password` varchar(100) NOT NULL COMMENT '密码',
  `branch` varchar(20) DEFAULT NULL COMMENT '机构',
  `company` varchar(100) DEFAULT NULL COMMENT '法人',
  `user_level` varchar(100) NOT NULL COMMENT '用户等级',
  `parent_user_id` varchar(30) DEFAULT NULL COMMENT '父级用户',
  `email` varchar(100) DEFAULT NULL COMMENT '邮箱',
  `phone` varchar(11) DEFAULT NULL COMMENT '电话号码',
  PRIMARY KEY (`user_id`)
) ENGINE=InnoDB DEFAULT CHARSET=utf8 COMMENT='用户信息定义表';

-- ----------------------------
-- Records of om_user_copy
-- ----------------------------
INSERT INTO `om_user_copy` VALUES ('admin', '管理员', '123456', null, null, '1', null, null, null);
INSERT INTO `om_user_copy` VALUES ('para', '参数管理员', '123456', null, null, '2', 'admin', null, null);

-- ----------------------------
-- Table structure for om_user_role
-- ----------------------------
DROP TABLE IF EXISTS `om_user_role`;
CREATE TABLE `om_user_role` (
  `user_id` varchar(10) NOT NULL COMMENT '用户id',
  `role_id` varchar(30) NOT NULL COMMENT '角色id',
  PRIMARY KEY (`user_id`)
) ENGINE=InnoDB DEFAULT CHARSET=utf8 COMMENT='用户角色关系表';

-- ----------------------------
-- Records of om_user_role
-- ----------------------------
INSERT INTO `om_user_role` VALUES ('admin', '1');
INSERT INTO `om_user_role` VALUES ('para', '1');
INSERT INTO `om_user_role` VALUES ('para1', '3');
